Area Name,Area ID,Normalised Name,Region Name,Region ID,Location Type,Online,Status
Online,AREA-ONLINE,online,Online,REGION-ONLINE,Online,true,Canonical
Abbey Caves,AREA-LINZ-2841,abbey caves,Northland Region,01,Suburb,false,Canonical
Ahipara,AREA-LINZ-2793,ahipara,Northland Region,01,Suburb,false,Canonical
Aranga,AREA-LINZ-2777,aranga,Northland Region,01,Rural locality,false,Canonical
Arapohue,AREA-LINZ-40,arapohue,Northland Region,01,Rural locality,false,Canonical
Ararua,AREA-LINZ-42,ararua,Northland Region,01,Rural locality,false,Canonical
Aratapu,AREA-LINZ-43,aratapu,Northland Region,01,Rural locality,false,Canonical
Avenues,AREA-LINZ-71,avenues,Northland Region,01,Suburb,false,Canonical
Awakino Point,AREA-LINZ-79,awakino point,Northland Region,01,Rural locality,false,Canonical
Awanui,AREA-LINZ-2792,awanui,Northland Region,01,Rural locality,false,Canonical
Awarua,AREA-LINZ-2055,awarua,Northland Region,01,Rural locality,false,Canonical
Baylys Beach,AREA-LINZ-2778,baylys beach,Northland Region,01,Rural locality,false,Canonical
Broadwood,AREA-LINZ-2956,broadwood,Northland Region,01,Rural locality,false,Canonical
Brynderwyn,AREA-LINZ-172,brynderwyn,Northland Region,01,Rural locality,false,Canonical
Cable Bay,AREA-LINZ-2807,cable bay,Northland Region,01,Suburb,false,Canonical
Cape Reinga,AREA-LINZ-2797,cape reinga,Northland Region,01,Rural locality,false,Canonical
Coopers Beach,AREA-LINZ-2809,coopers beach,Northland Region,01,Suburb,false,Canonical
Dargaville,AREA-LINZ-283,dargaville,Northland Region,01,Suburb,false,Canonical
Donnellys Crossing,AREA-LINZ-298,donnellys crossing,Northland Region,01,Rural locality,false,Canonical
Glenbervie,AREA-LINZ-424,glenbervie,Northland Region,01,Rural locality,false,Canonical
Glenbervie Forest,AREA-LINZ-8666,glenbervie forest,Northland Region,01,Suburb,false,Canonical
Hakaru,AREA-LINZ-484,hakaru,Northland Region,01,Rural locality,false,Canonical
Haruru,AREA-LINZ-2814,haruru,Northland Region,01,Rural locality,false,Canonical
Helena Bay,AREA-LINZ-2826,helena bay,Northland Region,01,Rural locality,false,Canonical
Herekino,AREA-LINZ-2790,herekino,Northland Region,01,Rural locality,false,Canonical
Hihi,AREA-LINZ-2810,hihi,Northland Region,01,Rural locality,false,Canonical
Hikurangi,AREA-LINZ-537,hikurangi,Northland Region,01,Suburb,false,Canonical
Hoanga,AREA-LINZ-554,hoanga,Northland Region,01,Rural locality,false,Canonical
Horahora,AREA-LINZ-568,horahora,Northland Region,01,Suburb,false,Canonical
Horeke,AREA-LINZ-2784,horeke,Northland Region,01,Rural locality,false,Canonical
Houhora,AREA-LINZ-2801,houhora,Northland Region,01,Rural locality,false,Canonical
Hūkerenui,AREA-LINZ-583,hukerenui,Northland Region,01,Rural locality,false,Canonical
Kaeo,AREA-LINZ-6569,kaeo,Northland Region,01,Rural locality,false,Canonical
Kaihu,AREA-LINZ-2178,kaihu,Northland Region,01,Rural locality,false,Canonical
Kaikohe,AREA-LINZ-4017,kaikohe,Northland Region,01,Suburb,false,Canonical
Kaimaumau,AREA-LINZ-2791,kaimaumau,Northland Region,01,Rural locality,false,Canonical
Kaingaroa,AREA-LINZ-2805,kaingaroa,Northland Region,01,Rural locality,false,Canonical
Kaitaia,AREA-LINZ-640,kaitaia,Northland Region,01,Suburb,false,Canonical
Kaiwaka,AREA-LINZ-2761,kaiwaka,Northland Region,01,Rural locality,false,Canonical
Karetu,AREA-LINZ-2823,karetu,Northland Region,01,Rural locality,false,Canonical
Karikari Peninsula,AREA-LINZ-2804,karikari peninsula,Northland Region,01,Rural locality,false,Canonical
Kauri,AREA-LINZ-667,kauri,Northland Region,01,Rural locality,false,Canonical
Kawakawa,AREA-LINZ-2822,kawakawa,Northland Region,01,Suburb,false,Canonical
Kensington,AREA-LINZ-680,kensington,Northland Region,01,Suburb,false,Canonical
Kerikeri,AREA-LINZ-6545,kerikeri,Northland Region,01,Suburb,false,Canonical
Kiripaka,AREA-LINZ-2832,kiripaka,Northland Region,01,Rural locality,false,Canonical
Kohukohu,AREA-LINZ-2786,kohukohu,Northland Region,01,Rural locality,false,Canonical
Kokopu,AREA-LINZ-711,kokopu,Northland Region,01,Rural locality,false,Canonical
Lake Ohia,AREA-LINZ-2803,lake ohia,Northland Region,01,Rural locality,false,Canonical
Langs Beach,AREA-LINZ-2853,langs beach,Northland Region,01,Rural locality,false,Canonical
Mahuta,AREA-LINZ-2773,mahuta,Northland Region,01,Rural locality,false,Canonical
Mamaranui,AREA-LINZ-814,mamaranui,Northland Region,01,Rural locality,false,Canonical
Mangamuka,AREA-LINZ-2783,mangamuka,Northland Region,01,Rural locality,false,Canonical
Mangapai,AREA-LINZ-2848,mangapai,Northland Region,01,Suburb,false,Canonical
Mangawhai,AREA-LINZ-2856,mangawhai,Northland Region,01,Suburb,false,Canonical
Mangawhai Heads,AREA-LINZ-2855,mangawhai heads,Northland Region,01,Suburb,false,Canonical
Mangōnui,AREA-LINZ-4086,mangonui,Northland Region,01,Suburb,false,Canonical
Mareretu,AREA-LINZ-858,mareretu,Northland Region,01,Rural locality,false,Canonical
Maromaku,AREA-LINZ-862,maromaku,Northland Region,01,Rural locality,false,Canonical
Marsden Point,AREA-LINZ-2858,marsden point,Northland Region,01,Suburb,false,Canonical
Mata,AREA-LINZ-6528,mata,Northland Region,01,Suburb,false,Canonical
Matakohe,AREA-LINZ-2768,matakohe,Northland Region,01,Rural locality,false,Canonical
Matapouri,AREA-LINZ-2827,matapouri,Northland Region,01,Rural locality,false,Canonical
Matarau,AREA-LINZ-880,matarau,Northland Region,01,Rural locality,false,Canonical
Matauri Bay,AREA-LINZ-2957,matauri bay,Northland Region,01,Rural locality,false,Canonical
Matawaia,AREA-LINZ-887,matawaia,Northland Region,01,Rural locality,false,Canonical
Maungakaramea,AREA-LINZ-821,maungakaramea,Northland Region,01,Rural locality,false,Canonical
Maungatapere,AREA-LINZ-897,maungatapere,Northland Region,01,Rural locality,false,Canonical
Maungaturoto,AREA-LINZ-2764,maungaturoto,Northland Region,01,Suburb,false,Canonical
Maunu,AREA-LINZ-900,maunu,Northland Region,01,Suburb,false,Canonical
Mitimiti,AREA-LINZ-2788,mitimiti,Northland Region,01,Rural locality,false,Canonical
Moerewa,AREA-LINZ-2287,moerewa,Northland Region,01,Suburb,false,Canonical
Morningside,AREA-LINZ-2844,morningside,Northland Region,01,Suburb,false,Canonical
Motatau,AREA-LINZ-967,motatau,Northland Region,01,Rural locality,false,Canonical
Ngararatunua,AREA-LINZ-1031,ngararatunua,Northland Region,01,Rural locality,false,Canonical
Ngataki,AREA-LINZ-2799,ngataki,Northland Region,01,Rural locality,false,Canonical
Ngawha Springs,AREA-LINZ-1038,ngawha springs,Northland Region,01,Rural locality,false,Canonical
Ngunguru,AREA-LINZ-2828,ngunguru,Northland Region,01,Rural locality,false,Canonical
Nukutawhiti,AREA-LINZ-1068,nukutawhiti,Northland Region,01,Rural locality,false,Canonical
Oakleigh,AREA-LINZ-2850,oakleigh,Northland Region,01,Suburb,false,Canonical
Ōakura,AREA-LINZ-2829,oakura,Northland Region,01,Rural locality,false,Canonical
Ōhaeawai,AREA-LINZ-4015,ohaeawai,Northland Region,01,Rural locality,false,Canonical
Ōkaihau,AREA-LINZ-4016,okaihau,Northland Region,01,Rural locality,false,Canonical
Okiato,AREA-LINZ-2820,okiato,Northland Region,01,Suburb,false,Canonical
Omamari,AREA-LINZ-2776,omamari,Northland Region,01,Rural locality,false,Canonical
Omana,AREA-LINZ-1100,omana,Northland Region,01,Rural locality,false,Canonical
Omanaia,AREA-LINZ-2781,omanaia,Northland Region,01,Rural locality,false,Canonical
Ōmāpere,AREA-LINZ-2771,omapere,Northland Region,01,Rural locality,false,Canonical
One Tree Point,AREA-LINZ-8760,one tree point,Northland Region,01,Suburb,false,Canonical
Onerahi,AREA-LINZ-2838,onerahi,Northland Region,01,Suburb,false,Canonical
Opononi,AREA-LINZ-2774,opononi,Northland Region,01,Rural locality,false,Canonical
Opua,AREA-LINZ-2821,opua,Northland Region,01,Suburb,false,Canonical
Opuawhanga,AREA-LINZ-1122,opuawhanga,Northland Region,01,Rural locality,false,Canonical
Oromahoe,AREA-LINZ-1137,oromahoe,Northland Region,01,Rural locality,false,Canonical
Oruawharo,AREA-LINZ-2759,oruawharo,Northland Region,01,Rural locality,false,Canonical
Otaika,AREA-LINZ-2846,otaika,Northland Region,01,Suburb,false,Canonical
Otangarei,AREA-LINZ-1153,otangarei,Northland Region,01,Suburb,false,Canonical
Ōtaua,AREA-LINZ-1160,otaua,Northland Region,01,Rural locality,false,Canonical
Oue,AREA-LINZ-2780,oue,Northland Region,01,Rural locality,false,Canonical
Pahi,AREA-LINZ-2965,pahi,Northland Region,01,Rural locality,false,Canonical
Paihia,AREA-LINZ-2815,paihia,Northland Region,01,Suburb,false,Canonical
Pakaraka,AREA-LINZ-2416,pakaraka,Northland Region,01,Rural locality,false,Canonical
Pakotai,AREA-LINZ-1188,pakotai,Northland Region,01,Rural locality,false,Canonical
Panguru,AREA-LINZ-2787,panguru,Northland Region,01,Rural locality,false,Canonical
Paparoa,AREA-LINZ-2766,paparoa,Northland Region,01,Rural locality,false,Canonical
Paparore,AREA-LINZ-2802,paparore,Northland Region,01,Rural locality,false,Canonical
Parahaki,AREA-LINZ-2842,parahaki,Northland Region,01,Suburb,false,Canonical
Parakao,AREA-LINZ-1208,parakao,Northland Region,01,Rural locality,false,Canonical
Parekura Bay,AREA-LINZ-2816,parekura bay,Northland Region,01,Rural locality,false,Canonical
Parore,AREA-LINZ-1223,parore,Northland Region,01,Rural locality,false,Canonical
Parua Bay,AREA-LINZ-2837,parua bay,Northland Region,01,Rural locality,false,Canonical
Pataua North,AREA-LINZ-8911,pataua north,Northland Region,01,Rural locality,false,Canonical
Pataua South,AREA-LINZ-8912,pataua south,Northland Region,01,Rural locality,false,Canonical
Pawarenga,AREA-LINZ-2789,pawarenga,Northland Region,01,Rural locality,false,Canonical
Peria,AREA-LINZ-1241,peria,Northland Region,01,Rural locality,false,Canonical
Pipiwai,AREA-LINZ-1259,pipiwai,Northland Region,01,Rural locality,false,Canonical
Poroti,AREA-LINZ-1282,poroti,Northland Region,01,Rural locality,false,Canonical
Port Whangārei,AREA-LINZ-2845,port whangarei,Northland Region,01,Suburb,false,Canonical
Portland,AREA-LINZ-2847,portland,Northland Region,01,Suburb,false,Canonical
Pouto,AREA-LINZ-2770,pouto,Northland Region,01,Rural locality,false,Canonical
Pukehuia,AREA-LINZ-1304,pukehuia,Northland Region,01,Rural locality,false,Canonical
Pukenui,AREA-LINZ-2798,pukenui,Northland Region,01,Rural locality,false,Canonical
Pukenui Forest,AREA-LINZ-1313,pukenui forest,Northland Region,01,Suburb,false,Canonical
Pukewharariki,AREA-LINZ-1329,pukewharariki,Northland Region,01,Rural locality,false,Canonical
Punakitere Valley,AREA-LINZ-2414,punakitere valley,Northland Region,01,Rural locality,false,Canonical
Punaruku,AREA-LINZ-2817,punaruku,Northland Region,01,Rural locality,false,Canonical
Purua,AREA-LINZ-1338,purua,Northland Region,01,Rural locality,false,Canonical
Puwera,AREA-LINZ-1341,puwera,Northland Region,01,Suburb,false,Canonical
Raumanga,AREA-LINZ-2843,raumanga,Northland Region,01,Suburb,false,Canonical
Rawene,AREA-LINZ-2782,rawene,Northland Region,01,Rural locality,false,Canonical
Rawhiti,AREA-LINZ-2818,rawhiti,Northland Region,01,Rural locality,false,Canonical
Regent,AREA-LINZ-1388,regent,Northland Region,01,Suburb,false,Canonical
Riponui,AREA-LINZ-1404,riponui,Northland Region,01,Rural locality,false,Canonical
Riverside,AREA-LINZ-1413,riverside,Northland Region,01,Suburb,false,Canonical
Ruakākā,AREA-LINZ-2857,ruakaka,Northland Region,01,Suburb,false,Canonical
Ruatangata West,AREA-LINZ-8833,ruatangata west,Northland Region,01,Rural locality,false,Canonical
Ruawai,AREA-LINZ-6540,ruawai,Northland Region,01,Suburb,false,Canonical
Russell,AREA-LINZ-2824,russell,Northland Region,01,Suburb,false,Canonical
Springfield,AREA-LINZ-2849,springfield,Northland Region,01,Suburb,false,Canonical
Taheke,AREA-LINZ-1559,taheke,Northland Region,01,Rural locality,false,Canonical
Taiharuru,AREA-LINZ-2836,taiharuru,Northland Region,01,Rural locality,false,Canonical
Taipa,AREA-LINZ-2806,taipa,Northland Region,01,Suburb,false,Canonical
Taipuha,AREA-LINZ-1569,taipuha,Northland Region,01,Rural locality,false,Canonical
Takahiwai,AREA-LINZ-2851,takahiwai,Northland Region,01,Suburb,false,Canonical
Takahue,AREA-LINZ-1572,takahue,Northland Region,01,Rural locality,false,Canonical
Tamaterau,AREA-LINZ-2835,tamaterau,Northland Region,01,Rural locality,false,Canonical
Tangiteroria,AREA-LINZ-1584,tangiteroria,Northland Region,01,Rural locality,false,Canonical
Tangowahine,AREA-LINZ-1585,tangowahine,Northland Region,01,Rural locality,false,Canonical
Taupō Bay,AREA-LINZ-2808,taupo bay,Northland Region,01,Rural locality,false,Canonical
Tautoro,AREA-LINZ-2273,tautoro,Northland Region,01,Rural locality,false,Canonical
Te Hāpua,AREA-LINZ-2795,te hapua,Northland Region,01,Rural locality,false,Canonical
Te Kamo,AREA-LINZ-2025,te kamo,Northland Region,01,Suburb,false,Canonical
Te Kao,AREA-LINZ-2796,te kao,Northland Region,01,Rural locality,false,Canonical
Te Kōpuru,AREA-LINZ-2769,te kopuru,Northland Region,01,Rural locality,false,Canonical
Te Ti Mangonui,AREA-LINZ-4111,te ti mangonui,Northland Region,01,Rural locality,false,Canonical
Tikipunga,AREA-LINZ-1679,tikipunga,Northland Region,01,Suburb,false,Canonical
Tinopai,AREA-LINZ-2767,tinopai,Northland Region,01,Rural locality,false,Canonical
Titoki,AREA-LINZ-1703,titoki,Northland Region,01,Rural locality,false,Canonical
Topuni,AREA-LINZ-2760,topuni,Northland Region,01,Rural locality,false,Canonical
Totara North,AREA-LINZ-2811,totara north,Northland Region,01,Rural locality,false,Canonical
Towai,AREA-LINZ-1724,towai,Northland Region,01,Rural locality,false,Canonical
Turiwiri,AREA-LINZ-1736,turiwiri,Northland Region,01,Rural locality,false,Canonical
Tutukaka,AREA-LINZ-2831,tutukaka,Northland Region,01,Rural locality,false,Canonical
Umawera,AREA-LINZ-2785,umawera,Northland Region,01,Rural locality,false,Canonical
Waiharara,AREA-LINZ-2800,waiharara,Northland Region,01,Rural locality,false,Canonical
Waikare,AREA-LINZ-2825,waikare,Northland Region,01,Rural locality,false,Canonical
Waimā,AREA-LINZ-1800,waima,Northland Region,01,Rural locality,false,Canonical
Waimamaku,AREA-LINZ-2779,waimamaku,Northland Region,01,Rural locality,false,Canonical
Waimate North,AREA-LINZ-1808,waimate north,Northland Region,01,Rural locality,false,Canonical
Waiomio,AREA-LINZ-8665,waiomio,Northland Region,01,Suburb,false,Canonical
Waiotira,AREA-LINZ-1825,waiotira,Northland Region,01,Rural locality,false,Canonical
Waipapa,AREA-LINZ-2262,waipapa,Northland Region,01,Rural locality,false,Canonical
Waipapakauri,AREA-LINZ-2794,waipapakauri,Northland Region,01,Rural locality,false,Canonical
Waipoua,AREA-LINZ-2772,waipoua,Northland Region,01,Rural locality,false,Canonical
Waipoua Forest,AREA-LINZ-2775,waipoua forest,Northland Region,01,Rural locality,false,Canonical
Waipu,AREA-LINZ-2854,waipu,Northland Region,01,Suburb,false,Canonical
Waitangi,AREA-LINZ-2813,waitangi,Northland Region,01,Rural locality,false,Canonical
Whakapara,AREA-LINZ-1918,whakapara,Northland Region,01,Rural locality,false,Canonical
Whakapirau,AREA-LINZ-2765,whakapirau,Northland Region,01,Rural locality,false,Canonical
Whananaki,AREA-LINZ-2830,whananaki,Northland Region,01,Rural locality,false,Canonical
Whangārei,AREA-LINZ-8815,whangarei,Northland Region,01,Suburb,false,Canonical
Whangarei Airport,AREA-LINZ-1926,whangarei airport,Northland Region,01,Suburb,false,Canonical
Whangārei Heads,AREA-LINZ-2834,whangarei heads,Northland Region,01,Rural locality,false,Canonical
Whangaroa,AREA-LINZ-2812,whangaroa,Northland Region,01,Rural locality,false,Canonical
Whangaruru,AREA-LINZ-2819,whangaruru,Northland Region,01,Rural locality,false,Canonical
Whareora,AREA-LINZ-1927,whareora,Northland Region,01,Rural locality,false,Canonical
Whau Valley,AREA-LINZ-2251,whau valley,Northland Region,01,Suburb,false,Canonical
Wheki Valley,AREA-LINZ-1934,wheki valley,Northland Region,01,Rural locality,false,Canonical
Whirinaki,AREA-LINZ-8753,whirinaki,Northland Region,01,Suburb,false,Canonical
Woodhill,AREA-LINZ-1966,woodhill,Northland Region,01,Suburb,false,Canonical
Albany,AREA-LINZ-2960,albany,Auckland,02,Suburb,false,Canonical
Albany Heights,AREA-LINZ-8827,albany heights,Auckland,02,Suburb,false,Canonical
Alfriston,AREA-LINZ-18,alfriston,Auckland,02,Suburb,false,Canonical
Algies Bay,AREA-LINZ-2863,algies bay,Auckland,02,Suburb,false,Canonical
Anawhata,AREA-LINZ-2754,anawhata,Auckland,02,Rural locality,false,Canonical
Ararimu,AREA-LINZ-41,ararimu,Auckland,02,Rural locality,false,Canonical
Ardmore,AREA-LINZ-46,ardmore,Auckland,02,Rural locality,false,Canonical
Arkles Bay,AREA-LINZ-2888,arkles bay,Auckland,02,Suburb,false,Canonical
Army Bay,AREA-LINZ-2885,army bay,Auckland,02,Suburb,false,Canonical
Auckland Airport,AREA-LINZ-67,auckland airport,Auckland,02,Suburb,false,Canonical
Auckland Central,AREA-LINZ-2728,auckland central,Auckland,02,Suburb,false,Canonical
Avondale,AREA-LINZ-2912,avondale,Auckland,02,Suburb,false,Canonical
Āwhitu,AREA-LINZ-4120,awhitu,Auckland,02,Rural locality,false,Canonical
Bayswater,AREA-LINZ-2897,bayswater,Auckland,02,Suburb,false,Canonical
Bayview,AREA-LINZ-8820,bayview,Auckland,02,Suburb,false,Canonical
Beach Haven,AREA-LINZ-2898,beach haven,Auckland,02,Suburb,false,Canonical
Beachlands,AREA-LINZ-2726,beachlands,Auckland,02,Suburb,false,Canonical
Belmont,AREA-LINZ-2895,belmont,Auckland,02,Suburb,false,Canonical
Big Omaha,AREA-LINZ-8751,big omaha,Auckland,02,Suburb,false,Canonical
Birkdale,AREA-LINZ-2900,birkdale,Auckland,02,Suburb,false,Canonical
Birkenhead,AREA-LINZ-2899,birkenhead,Auckland,02,Suburb,false,Canonical
Blockhouse Bay,AREA-LINZ-140,blockhouse bay,Auckland,02,Suburb,false,Canonical
Bombay,AREA-LINZ-144,bombay,Auckland,02,Rural locality,false,Canonical
Botany Downs,AREA-LINZ-145,botany downs,Auckland,02,Suburb,false,Canonical
Brookby,AREA-LINZ-161,brookby,Auckland,02,Rural locality,false,Canonical
Browns Bay,AREA-LINZ-2872,browns bay,Auckland,02,Suburb,false,Canonical
Bucklands Beach,AREA-LINZ-175,bucklands beach,Auckland,02,Suburb,false,Canonical
Burswood,AREA-LINZ-183,burswood,Auckland,02,Suburb,false,Canonical
Campbells Bay,AREA-LINZ-2873,campbells bay,Auckland,02,Suburb,false,Canonical
Castor Bay,AREA-LINZ-2879,castor bay,Auckland,02,Suburb,false,Canonical
Chatswood,AREA-LINZ-2903,chatswood,Auckland,02,Suburb,false,Canonical
Clarks Beach,AREA-LINZ-230,clarks beach,Auckland,02,Suburb,false,Canonical
Clendon Park,AREA-LINZ-235,clendon park,Auckland,02,Suburb,false,Canonical
Clevedon,AREA-LINZ-4033,clevedon,Auckland,02,Rural locality,false,Canonical
Clover Park,AREA-LINZ-240,clover park,Auckland,02,Suburb,false,Canonical
Coatesville,AREA-LINZ-248,coatesville,Auckland,02,Rural locality,false,Canonical
Cockle Bay,AREA-LINZ-6543,cockle bay,Auckland,02,Suburb,false,Canonical
Conifer Grove,AREA-LINZ-254,conifer grove,Auckland,02,Suburb,false,Canonical
Cornwallis,AREA-LINZ-2753,cornwallis,Auckland,02,Suburb,false,Canonical
Dairy Flat,AREA-LINZ-276,dairy flat,Auckland,02,Rural locality,false,Canonical
Dannemora,AREA-LINZ-8696,dannemora,Auckland,02,Suburb,false,Canonical
Devonport,AREA-LINZ-2896,devonport,Auckland,02,Suburb,false,Canonical
Dome Forest,AREA-LINZ-295,dome forest,Auckland,02,Rural locality,false,Canonical
Dome Valley,AREA-LINZ-296,dome valley,Auckland,02,Rural locality,false,Canonical
Drury,AREA-LINZ-306,drury,Auckland,02,Suburb,false,Canonical
East Tāmaki,AREA-LINZ-6542,east tamaki,Auckland,02,Suburb,false,Canonical
East Tāmaki Heights,AREA-LINZ-8697,east tamaki heights,Auckland,02,Suburb,false,Canonical
Eastern Beach,AREA-LINZ-6544,eastern beach,Auckland,02,Suburb,false,Canonical
Eden Terrace,AREA-LINZ-329,eden terrace,Auckland,02,Suburb,false,Canonical
Ellerslie,AREA-LINZ-341,ellerslie,Auckland,02,Suburb,false,Canonical
Epsom,AREA-LINZ-349,epsom,Auckland,02,Suburb,false,Canonical
Fairview Heights,AREA-LINZ-8826,fairview heights,Auckland,02,Suburb,false,Canonical
Farm Cove,AREA-LINZ-370,farm cove,Auckland,02,Suburb,false,Canonical
Favona,AREA-LINZ-371,favona,Auckland,02,Suburb,false,Canonical
Flat Bush,AREA-LINZ-8694,flat bush,Auckland,02,Suburb,false,Canonical
Forrest Hill,AREA-LINZ-393,forrest hill,Auckland,02,Suburb,false,Canonical
Freemans Bay,AREA-LINZ-399,freemans bay,Auckland,02,Suburb,false,Canonical
Glen Eden,AREA-LINZ-421,glen eden,Auckland,02,Suburb,false,Canonical
Glen Innes,AREA-LINZ-435,glen innes,Auckland,02,Suburb,false,Canonical
Glenbrook,AREA-LINZ-425,glenbrook,Auckland,02,Rural locality,false,Canonical
Glendene,AREA-LINZ-2906,glendene,Auckland,02,Suburb,false,Canonical
Glendowie,AREA-LINZ-2926,glendowie,Auckland,02,Suburb,false,Canonical
Glenfield,AREA-LINZ-2964,glenfield,Auckland,02,Suburb,false,Canonical
Glorit,AREA-LINZ-446,glorit,Auckland,02,Rural locality,false,Canonical
Golflands,AREA-LINZ-448,golflands,Auckland,02,Suburb,false,Canonical
Goodwood Heights,AREA-LINZ-449,goodwood heights,Auckland,02,Suburb,false,Canonical
Grafton,AREA-LINZ-459,grafton,Auckland,02,Suburb,false,Canonical
Green Bay,AREA-LINZ-462,green bay,Auckland,02,Suburb,false,Canonical
Greenhithe,AREA-LINZ-2959,greenhithe,Auckland,02,Suburb,false,Canonical
Greenlane,AREA-LINZ-467,greenlane,Auckland,02,Suburb,false,Canonical
Grey Lynn,AREA-LINZ-475,grey lynn,Auckland,02,Suburb,false,Canonical
Gulf Harbour,AREA-LINZ-2874,gulf harbour,Auckland,02,Suburb,false,Canonical
Half Moon Bay,AREA-LINZ-488,half moon bay,Auckland,02,Suburb,false,Canonical
Hatfields Beach,AREA-LINZ-2866,hatfields beach,Auckland,02,Suburb,false,Canonical
Hauraki,AREA-LINZ-2893,hauraki,Auckland,02,Suburb,false,Canonical
Helensville,AREA-LINZ-525,helensville,Auckland,02,Suburb,false,Canonical
Henderson,AREA-LINZ-526,henderson,Auckland,02,Suburb,false,Canonical
Henderson Valley,AREA-LINZ-2166,henderson valley,Auckland,02,Suburb,false,Canonical
Herald Island,AREA-LINZ-4361,herald island,Auckland,02,Suburb,false,Canonical
Herne Bay,AREA-LINZ-2913,herne bay,Auckland,02,Suburb,false,Canonical
Highland Park,AREA-LINZ-2932,highland park,Auckland,02,Suburb,false,Canonical
Hillcrest,AREA-LINZ-541,hillcrest,Auckland,02,Suburb,false,Canonical
Hillpark,AREA-LINZ-8976,hillpark,Auckland,02,Suburb,false,Canonical
Hillsborough,AREA-LINZ-545,hillsborough,Auckland,02,Suburb,false,Canonical
Hobsonville,AREA-LINZ-2962,hobsonville,Auckland,02,Suburb,false,Canonical
Howick,AREA-LINZ-578,howick,Auckland,02,Suburb,false,Canonical
Huapai,AREA-LINZ-8876,huapai,Auckland,02,Suburb,false,Canonical
Huia,AREA-LINZ-2954,huia,Auckland,02,Suburb,false,Canonical
Huntington Park,AREA-LINZ-589,huntington park,Auckland,02,Suburb,false,Canonical
Hunua,AREA-LINZ-2174,hunua,Auckland,02,Rural locality,false,Canonical
Kaipara Flats,AREA-LINZ-635,kaipara flats,Auckland,02,Rural locality,false,Canonical
Karaka,AREA-LINZ-658,karaka,Auckland,02,Rural locality,false,Canonical
Karekare,AREA-LINZ-2183,karekare,Auckland,02,Rural locality,false,Canonical
Karioitahi,AREA-LINZ-2024,karioitahi,Auckland,02,Rural locality,false,Canonical
Kaukapakapa,AREA-LINZ-2758,kaukapakapa,Auckland,02,Rural locality,false,Canonical
Kawakawa Bay,AREA-LINZ-2739,kawakawa bay,Auckland,02,Rural locality,false,Canonical
Kelston,AREA-LINZ-2907,kelston,Auckland,02,Suburb,false,Canonical
Kingseat,AREA-LINZ-693,kingseat,Auckland,02,Rural locality,false,Canonical
Kingsland,AREA-LINZ-694,kingsland,Auckland,02,Suburb,false,Canonical
Kohimarama,AREA-LINZ-2920,kohimarama,Auckland,02,Suburb,false,Canonical
Kumeū,AREA-LINZ-2963,kumeu,Auckland,02,Suburb,false,Canonical
Laingholm,AREA-LINZ-2017,laingholm,Auckland,02,Suburb,false,Canonical
Leigh,AREA-LINZ-2861,leigh,Auckland,02,Rural locality,false,Canonical
Long Bay,AREA-LINZ-8824,long bay,Auckland,02,Suburb,false,Canonical
Lucas Heights,AREA-LINZ-8828,lucas heights,Auckland,02,Suburb,false,Canonical
Lynfield,AREA-LINZ-779,lynfield,Auckland,02,Suburb,false,Canonical
Mahurangi East,AREA-LINZ-4085,mahurangi east,Auckland,02,Rural locality,false,Canonical
Mahurangi West,AREA-LINZ-795,mahurangi west,Auckland,02,Rural locality,false,Canonical
Mairangi Bay,AREA-LINZ-2880,mairangi bay,Auckland,02,Suburb,false,Canonical
Makarau,AREA-LINZ-805,makarau,Auckland,02,Rural locality,false,Canonical
Mangakura,AREA-LINZ-822,mangakura,Auckland,02,Rural locality,false,Canonical
Māngere,AREA-LINZ-2737,mangere,Auckland,02,Suburb,false,Canonical
Māngere Bridge,AREA-LINZ-836,mangere bridge,Auckland,02,Suburb,false,Canonical
Māngere East,AREA-LINZ-837,mangere east,Auckland,02,Suburb,false,Canonical
Manly,AREA-LINZ-2878,manly,Auckland,02,Suburb,false,Canonical
Manukau,AREA-LINZ-841,manukau,Auckland,02,Suburb,false,Canonical
Manukau Heads,AREA-LINZ-2953,manukau heads,Auckland,02,Rural locality,false,Canonical
Manurewa,AREA-LINZ-844,manurewa,Auckland,02,Suburb,false,Canonical
Manurewa East,AREA-LINZ-845,manurewa east,Auckland,02,Suburb,false,Canonical
Maraetai,AREA-LINZ-2721,maraetai,Auckland,02,Suburb,false,Canonical
Massey,AREA-LINZ-4119,massey,Auckland,02,Suburb,false,Canonical
Matakana,AREA-LINZ-875,matakana,Auckland,02,Rural locality,false,Canonical
Matakatia,AREA-LINZ-8777,matakatia,Auckland,02,Suburb,false,Canonical
Mauku,AREA-LINZ-892,mauku,Auckland,02,Rural locality,false,Canonical
Meadowbank,AREA-LINZ-2921,meadowbank,Auckland,02,Suburb,false,Canonical
Mechanics Bay,AREA-LINZ-2729,mechanics bay,Auckland,02,Suburb,false,Canonical
Mellons Bay,AREA-LINZ-8767,mellons bay,Auckland,02,Suburb,false,Canonical
Middlemore Hospital,AREA-LINZ-926,middlemore hospital,Auckland,02,Suburb,false,Canonical
Milford,AREA-LINZ-2901,milford,Auckland,02,Suburb,false,Canonical
Mission Bay,AREA-LINZ-2924,mission bay,Auckland,02,Suburb,false,Canonical
Morningside,AREA-LINZ-8939,morningside,Auckland,02,Suburb,false,Canonical
Mount Albert,AREA-LINZ-994,mount albert,Auckland,02,Suburb,false,Canonical
Mount Eden,AREA-LINZ-995,mount eden,Auckland,02,Suburb,false,Canonical
Mount Roskill,AREA-LINZ-996,mount roskill,Auckland,02,Suburb,false,Canonical
Mount Wellington,AREA-LINZ-2925,mount wellington,Auckland,02,Suburb,false,Canonical
Muriwai,AREA-LINZ-6526,muriwai,Auckland,02,Rural locality,false,Canonical
Murrays Bay,AREA-LINZ-2886,murrays bay,Auckland,02,Suburb,false,Canonical
Narrow Neck,AREA-LINZ-2892,narrow neck,Auckland,02,Suburb,false,Canonical
Ness Valley,AREA-LINZ-4006,ness valley,Auckland,02,Rural locality,false,Canonical
New Lynn,AREA-LINZ-2911,new lynn,Auckland,02,Suburb,false,Canonical
New Windsor,AREA-LINZ-8842,new windsor,Auckland,02,Suburb,false,Canonical
Newmarket,AREA-LINZ-1018,newmarket,Auckland,02,Suburb,false,Canonical
Nihotupu,AREA-LINZ-2285,nihotupu,Auckland,02,Suburb,false,Canonical
Northcote,AREA-LINZ-2902,northcote,Auckland,02,Suburb,false,Canonical
Northcote Point,AREA-LINZ-8819,northcote point,Auckland,02,Suburb,false,Canonical
Northcross,AREA-LINZ-1061,northcross,Auckland,02,Suburb,false,Canonical
Northpark,AREA-LINZ-8768,northpark,Auckland,02,Suburb,false,Canonical
Ōkura,AREA-LINZ-2889,okura,Auckland,02,Suburb,false,Canonical
Okura Bush,AREA-LINZ-2875,okura bush,Auckland,02,Rural locality,false,Canonical
Omaha,AREA-LINZ-1098,omaha,Auckland,02,Rural locality,false,Canonical
Ōmiha,AREA-LINZ-8649,omiha,Auckland,02,Suburb,false,Canonical
One Tree Hill,AREA-LINZ-1106,one tree hill,Auckland,02,Suburb,false,Canonical
Onehunga,AREA-LINZ-1107,onehunga,Auckland,02,Suburb,false,Canonical
Oneroa,AREA-LINZ-8651,oneroa,Auckland,02,Suburb,false,Canonical
Onetangi,AREA-LINZ-8650,onetangi,Auckland,02,Suburb,false,Canonical
Ōpaheke,AREA-LINZ-1112,opaheke,Auckland,02,Suburb,false,Canonical
Orakei,AREA-LINZ-2922,orakei,Auckland,02,Suburb,false,Canonical
Oratia,AREA-LINZ-1127,oratia,Auckland,02,Suburb,false,Canonical
Ōrere Point,AREA-LINZ-2725,orere point,Auckland,02,Rural locality,false,Canonical
Orewa,AREA-LINZ-2871,orewa,Auckland,02,Suburb,false,Canonical
Ostend,AREA-LINZ-8652,ostend,Auckland,02,Suburb,false,Canonical
Ōtāhuhu,AREA-LINZ-8835,otahuhu,Auckland,02,Suburb,false,Canonical
Ōtara,AREA-LINZ-2931,otara,Auckland,02,Suburb,false,Canonical
Oteha,AREA-LINZ-8825,oteha,Auckland,02,Suburb,false,Canonical
Paerata,AREA-LINZ-1182,paerata,Auckland,02,Rural locality,false,Canonical
Pahurehure,AREA-LINZ-1185,pahurehure,Auckland,02,Suburb,false,Canonical
Pakiri,AREA-LINZ-1187,pakiri,Auckland,02,Rural locality,false,Canonical
Pakuranga,AREA-LINZ-2933,pakuranga,Auckland,02,Suburb,false,Canonical
Pakuranga Heights,AREA-LINZ-1190,pakuranga heights,Auckland,02,Suburb,false,Canonical
Palm Beach,AREA-LINZ-8775,palm beach,Auckland,02,Suburb,false,Canonical
Panmure,AREA-LINZ-2929,panmure,Auckland,02,Suburb,false,Canonical
Papakura,AREA-LINZ-1196,papakura,Auckland,02,Suburb,false,Canonical
Papatoetoe,AREA-LINZ-1203,papatoetoe,Auckland,02,Suburb,false,Canonical
Parakai,AREA-LINZ-1207,parakai,Auckland,02,Suburb,false,Canonical
Parau,AREA-LINZ-1211,parau,Auckland,02,Suburb,false,Canonical
Pāremoremo,AREA-LINZ-2961,paremoremo,Auckland,02,Suburb,false,Canonical
Parnell,AREA-LINZ-4131,parnell,Auckland,02,Suburb,false,Canonical
Patumahoe,AREA-LINZ-1228,patumahoe,Auckland,02,Rural locality,false,Canonical
Penrose,AREA-LINZ-1237,penrose,Auckland,02,Suburb,false,Canonical
Piha,AREA-LINZ-2955,piha,Auckland,02,Rural locality,false,Canonical
Pinehill,AREA-LINZ-1252,pinehill,Auckland,02,Suburb,false,Canonical
Pohuehue,AREA-LINZ-2865,pohuehue,Auckland,02,Rural locality,false,Canonical
Point Chevalier,AREA-LINZ-2914,point chevalier,Auckland,02,Suburb,false,Canonical
Point England,AREA-LINZ-2928,point england,Auckland,02,Suburb,false,Canonical
Point Wells,AREA-LINZ-2859,point wells,Auckland,02,Rural locality,false,Canonical
Pollok,AREA-LINZ-2226,pollok,Auckland,02,Rural locality,false,Canonical
Ponsonby,AREA-LINZ-1279,ponsonby,Auckland,02,Suburb,false,Canonical
Port Albert,AREA-LINZ-2763,port albert,Auckland,02,Rural locality,false,Canonical
Puhoi,AREA-LINZ-2869,puhoi,Auckland,02,Rural locality,false,Canonical
Pukekohe,AREA-LINZ-1306,pukekohe,Auckland,02,Suburb,false,Canonical
Puni,AREA-LINZ-1333,puni,Auckland,02,Rural locality,false,Canonical
Ramarama,AREA-LINZ-1356,ramarama,Auckland,02,Rural locality,false,Canonical
Randwick Park,AREA-LINZ-1359,randwick park,Auckland,02,Suburb,false,Canonical
Ranui,AREA-LINZ-1371,ranui,Auckland,02,Suburb,false,Canonical
Red Beach,AREA-LINZ-2876,red beach,Auckland,02,Suburb,false,Canonical
Red Hill,AREA-LINZ-1381,red hill,Auckland,02,Suburb,false,Canonical
Redvale,AREA-LINZ-2887,redvale,Auckland,02,Suburb,false,Canonical
Remuera,AREA-LINZ-2923,remuera,Auckland,02,Suburb,false,Canonical
Riverhead,AREA-LINZ-2958,riverhead,Auckland,02,Suburb,false,Canonical
Rosedale,AREA-LINZ-1431,rosedale,Auckland,02,Suburb,false,Canonical
Rosehill,AREA-LINZ-1432,rosehill,Auckland,02,Suburb,false,Canonical
Rothesay Bay,AREA-LINZ-2881,rothesay bay,Auckland,02,Suburb,false,Canonical
Royal Oak,AREA-LINZ-1444,royal oak,Auckland,02,Suburb,false,Canonical
Runciman,AREA-LINZ-1456,runciman,Auckland,02,Rural locality,false,Canonical
Saint Heliers,AREA-LINZ-2919,saint heliers,Auckland,02,Suburb,false,Canonical
Saint Marys Bay,AREA-LINZ-2918,saint marys bay,Auckland,02,Suburb,false,Canonical
Sandringham,AREA-LINZ-1464,sandringham,Auckland,02,Suburb,false,Canonical
Sandspit,AREA-LINZ-2862,sandspit,Auckland,02,Rural locality,false,Canonical
Schnapper Rock,AREA-LINZ-8822,schnapper rock,Auckland,02,Suburb,false,Canonical
Shamrock Park,AREA-LINZ-8693,shamrock park,Auckland,02,Suburb,false,Canonical
Shelly Beach,AREA-LINZ-2757,shelly beach,Auckland,02,Rural locality,false,Canonical
Shelly Park,AREA-LINZ-1484,shelly park,Auckland,02,Suburb,false,Canonical
Silverdale,AREA-LINZ-8690,silverdale,Auckland,02,Suburb,false,Canonical
Snells Beach,AREA-LINZ-8654,snells beach,Auckland,02,Suburb,false,Canonical
Somerville,AREA-LINZ-1500,somerville,Auckland,02,Suburb,false,Canonical
South Head,AREA-LINZ-4018,south head,Auckland,02,Rural locality,false,Canonical
St Johns,AREA-LINZ-1525,st johns,Auckland,02,Suburb,false,Canonical
Stanley Point,AREA-LINZ-2894,stanley point,Auckland,02,Suburb,false,Canonical
Stanmore Bay,AREA-LINZ-2890,stanmore bay,Auckland,02,Suburb,false,Canonical
Stillwater,AREA-LINZ-2882,stillwater,Auckland,02,Rural locality,false,Canonical
Stonefields,AREA-LINZ-8878,stonefields,Auckland,02,Suburb,false,Canonical
Sunnyhills,AREA-LINZ-8869,sunnyhills,Auckland,02,Suburb,false,Canonical
Sunnynook,AREA-LINZ-1546,sunnynook,Auckland,02,Suburb,false,Canonical
Sunnyvale,AREA-LINZ-1547,sunnyvale,Auckland,02,Suburb,false,Canonical
Surfdale,AREA-LINZ-8776,surfdale,Auckland,02,Suburb,false,Canonical
Swanson,AREA-LINZ-1552,swanson,Auckland,02,Suburb,false,Canonical
Tahekeroa,AREA-LINZ-8971,tahekeroa,Auckland,02,Rural locality,false,Canonical
Takanini,AREA-LINZ-1575,takanini,Auckland,02,Suburb,false,Canonical
Takapuna,AREA-LINZ-8658,takapuna,Auckland,02,Suburb,false,Canonical
Tapora,AREA-LINZ-1589,tapora,Auckland,02,Rural locality,false,Canonical
Tauhoa,AREA-LINZ-1603,tauhoa,Auckland,02,Rural locality,false,Canonical
Taupaki,AREA-LINZ-1607,taupaki,Auckland,02,Rural locality,false,Canonical
Tāwharanui Peninsula,AREA-LINZ-1614,tawharanui peninsula,Auckland,02,Rural locality,false,Canonical
Te Arai,AREA-LINZ-2852,te arai,Auckland,02,Rural locality,false,Canonical
Te Atatū Peninsula,AREA-LINZ-2904,te atatu peninsula,Auckland,02,Suburb,false,Canonical
Te Atatū South,AREA-LINZ-2908,te atatu south,Auckland,02,Suburb,false,Canonical
Te Hana,AREA-LINZ-1621,te hana,Auckland,02,Rural locality,false,Canonical
Te Henga / Bethells Beach,AREA-LINZ-2755,te henga / bethells beach,Auckland,02,Rural locality,false,Canonical
The Gardens,AREA-LINZ-1665,the gardens,Auckland,02,Suburb,false,Canonical
Three Kings,AREA-LINZ-1675,three kings,Auckland,02,Suburb,false,Canonical
Ti Point,AREA-LINZ-2860,ti point,Auckland,02,Rural locality,false,Canonical
Tindalls Beach,AREA-LINZ-2883,tindalls beach,Auckland,02,Suburb,false,Canonical
Titirangi,AREA-LINZ-2390,titirangi,Auckland,02,Suburb,false,Canonical
Tomarata,AREA-LINZ-1986,tomarata,Auckland,02,Rural locality,false,Canonical
Torbay,AREA-LINZ-2877,torbay,Auckland,02,Suburb,false,Canonical
Totara Heights,AREA-LINZ-8704,totara heights,Auckland,02,Suburb,false,Canonical
Tōtara Park,AREA-LINZ-8695,totara park,Auckland,02,Suburb,false,Canonical
Tōtara Vale,AREA-LINZ-8829,totara vale,Auckland,02,Suburb,false,Canonical
Unsworth Heights,AREA-LINZ-8821,unsworth heights,Auckland,02,Suburb,false,Canonical
Wade Heads,AREA-LINZ-8962,wade heads,Auckland,02,Suburb,false,Canonical
Wai o Taiki Bay,AREA-LINZ-8933,wai o taiki bay,Auckland,02,Suburb,false,Canonical
Waiake,AREA-LINZ-2884,waiake,Auckland,02,Suburb,false,Canonical
Waiatarua,AREA-LINZ-2406,waiatarua,Auckland,02,Suburb,false,Canonical
Waiau Pa,AREA-LINZ-1771,waiau pa,Auckland,02,Rural locality,false,Canonical
Waimauku,AREA-LINZ-1982,waimauku,Auckland,02,Suburb,false,Canonical
Wainui,AREA-LINZ-2870,wainui,Auckland,02,Rural locality,false,Canonical
Wairau Valley,AREA-LINZ-1838,wairau valley,Auckland,02,Suburb,false,Canonical
Waitākere,AREA-LINZ-2756,waitakere,Auckland,02,Suburb,false,Canonical
Waitoki,AREA-LINZ-1859,waitoki,Auckland,02,Rural locality,false,Canonical
Waiuku,AREA-LINZ-1865,waiuku,Auckland,02,Suburb,false,Canonical
Waiwera,AREA-LINZ-2868,waiwera,Auckland,02,Rural locality,false,Canonical
Warkworth,AREA-LINZ-2864,warkworth,Auckland,02,Suburb,false,Canonical
Waterview,AREA-LINZ-2910,waterview,Auckland,02,Suburb,false,Canonical
Wattle Downs,AREA-LINZ-1889,wattle downs,Auckland,02,Suburb,false,Canonical
Wellsford,AREA-LINZ-1897,wellsford,Auckland,02,Suburb,false,Canonical
Wesley,AREA-LINZ-8970,wesley,Auckland,02,Suburb,false,Canonical
West Harbour,AREA-LINZ-2905,west harbour,Auckland,02,Suburb,false,Canonical
Western Springs,AREA-LINZ-2915,western springs,Auckland,02,Suburb,false,Canonical
Westgate,AREA-LINZ-8961,westgate,Auckland,02,Suburb,false,Canonical
Westhaven,AREA-LINZ-2917,westhaven,Auckland,02,Suburb,false,Canonical
Westmere,AREA-LINZ-2916,westmere,Auckland,02,Suburb,false,Canonical
Weymouth,AREA-LINZ-2731,weymouth,Auckland,02,Suburb,false,Canonical
Whangaripo,AREA-LINZ-6529,whangaripo,Auckland,02,Rural locality,false,Canonical
Whangateau,AREA-LINZ-8752,whangateau,Auckland,02,Suburb,false,Canonical
Wharehine,AREA-LINZ-2762,wharehine,Auckland,02,Rural locality,false,Canonical
Whenuapai,AREA-LINZ-4118,whenuapai,Auckland,02,Suburb,false,Canonical
Whitford,AREA-LINZ-2727,whitford,Auckland,02,Rural locality,false,Canonical
Windsor Park,AREA-LINZ-8823,windsor park,Auckland,02,Suburb,false,Canonical
Wiri,AREA-LINZ-1956,wiri,Auckland,02,Suburb,false,Canonical
Woodhill Forest,AREA-LINZ-4019,woodhill forest,Auckland,02,Rural locality,false,Canonical
Acacia Bay,AREA-LINZ-3982,acacia bay,Waikato Region,03,Suburb,false,Canonical
Aka Aka,AREA-LINZ-9,aka aka,Waikato Region,03,Rural locality,false,Canonical
Amodeo Bay,AREA-LINZ-2697,amodeo bay,Waikato Region,03,Rural locality,false,Canonical
Arapuni,AREA-LINZ-4034,arapuni,Waikato Region,03,Rural locality,false,Canonical
Āria,AREA-LINZ-50,aria,Waikato Region,03,Rural locality,false,Canonical
Ātiamuri,AREA-LINZ-4023,atiamuri,Waikato Region,03,Rural locality,false,Canonical
Avalon,AREA-LINZ-8812,avalon,Waikato Region,03,Suburb,false,Canonical
Awaiti,AREA-LINZ-76,awaiti,Waikato Region,03,Rural locality,false,Canonical
Awakino,AREA-LINZ-78,awakino,Waikato Region,03,Rural locality,false,Canonical
Bader,AREA-LINZ-89,bader,Waikato Region,03,Suburb,false,Canonical
Baverstock,AREA-LINZ-2135,baverstock,Waikato Region,03,Rural locality,false,Canonical
Beerescourt,AREA-LINZ-109,beerescourt,Waikato Region,03,Suburb,false,Canonical
Broadlands,AREA-LINZ-157,broadlands,Waikato Region,03,Rural locality,false,Canonical
Buckland,AREA-LINZ-174,buckland,Waikato Region,03,Rural locality,false,Canonical
Burbush,AREA-LINZ-2300,burbush,Waikato Region,03,Rural locality,false,Canonical
Cambridge,AREA-LINZ-2046,cambridge,Waikato Region,03,Suburb,false,Canonical
Chartwell,AREA-LINZ-216,chartwell,Waikato Region,03,Suburb,false,Canonical
Chedworth,AREA-LINZ-221,chedworth,Waikato Region,03,Suburb,false,Canonical
Claudelands,AREA-LINZ-233,claudelands,Waikato Region,03,Suburb,false,Canonical
Colville,AREA-LINZ-2702,colville,Waikato Region,03,Rural locality,false,Canonical
Cooks Beach,AREA-LINZ-2687,cooks beach,Waikato Region,03,Rural locality,false,Canonical
Coroglen,AREA-LINZ-3996,coroglen,Waikato Region,03,Rural locality,false,Canonical
Coromandel,AREA-LINZ-2710,coromandel,Waikato Region,03,Suburb,false,Canonical
Deanwell,AREA-LINZ-285,deanwell,Waikato Region,03,Suburb,false,Canonical
Desert Road,AREA-LINZ-288,desert road,Waikato Region,03,Rural locality,false,Canonical
Dinsdale,AREA-LINZ-291,dinsdale,Waikato Region,03,Suburb,false,Canonical
Enderley,AREA-LINZ-346,enderley,Waikato Region,03,Suburb,false,Canonical
Eureka,AREA-LINZ-354,eureka,Waikato Region,03,Rural locality,false,Canonical
Fairfield,AREA-LINZ-360,fairfield,Waikato Region,03,Suburb,false,Canonical
Fairview Downs,AREA-LINZ-367,fairview downs,Waikato Region,03,Suburb,false,Canonical
Ferry Landing,AREA-LINZ-2935,ferry landing,Waikato Region,03,Rural locality,false,Canonical
Fitzroy,AREA-LINZ-384,fitzroy,Waikato Region,03,Suburb,false,Canonical
Flagstaff,AREA-LINZ-388,flagstaff,Waikato Region,03,Suburb,false,Canonical
Fletcher Bay,AREA-LINZ-2698,fletcher bay,Waikato Region,03,Rural locality,false,Canonical
Forest Lake,AREA-LINZ-392,forest lake,Waikato Region,03,Suburb,false,Canonical
Frankton,AREA-LINZ-2157,frankton,Waikato Region,03,Suburb,false,Canonical
Glen Afton,AREA-LINZ-419,glen afton,Waikato Region,03,Rural locality,false,Canonical
Glen Massey,AREA-LINZ-422,glen massey,Waikato Region,03,Rural locality,false,Canonical
Glen Murray,AREA-LINZ-4021,glen murray,Waikato Region,03,Rural locality,false,Canonical
Glenview,AREA-LINZ-444,glenview,Waikato Region,03,Suburb,false,Canonical
Gordon,AREA-LINZ-451,gordon,Waikato Region,03,Rural locality,false,Canonical
Gordonton,AREA-LINZ-2035,gordonton,Waikato Region,03,Rural locality,false,Canonical
Grandview Heights,AREA-LINZ-460,grandview heights,Waikato Region,03,Suburb,false,Canonical
Hahei,AREA-LINZ-2684,hahei,Waikato Region,03,Rural locality,false,Canonical
Hamilton Central,AREA-LINZ-2034,hamilton central,Waikato Region,03,Suburb,false,Canonical
Hamilton East,AREA-LINZ-4065,hamilton east,Waikato Region,03,Suburb,false,Canonical
Hamilton Lake,AREA-LINZ-2298,hamilton lake,Waikato Region,03,Suburb,false,Canonical
Hangatiki,AREA-LINZ-494,hangatiki,Waikato Region,03,Rural locality,false,Canonical
Harrowfield,AREA-LINZ-503,harrowfield,Waikato Region,03,Suburb,false,Canonical
Hatepe,AREA-LINZ-4038,hatepe,Waikato Region,03,Rural locality,false,Canonical
Hauturu,AREA-LINZ-2033,hauturu,Waikato Region,03,Rural locality,false,Canonical
Hikuai,AREA-LINZ-536,hikuai,Waikato Region,03,Rural locality,false,Canonical
Hikutaia,AREA-LINZ-538,hikutaia,Waikato Region,03,Rural locality,false,Canonical
Hillcrest,AREA-LINZ-540,hillcrest,Waikato Region,03,Suburb,false,Canonical
Hilltop,AREA-LINZ-8863,hilltop,Waikato Region,03,Suburb,false,Canonical
Hoe-O-Tainui,AREA-LINZ-555,hoe-o-tainui,Waikato Region,03,Rural locality,false,Canonical
Honikiwi,AREA-LINZ-565,honikiwi,Waikato Region,03,Rural locality,false,Canonical
Horohoro,AREA-LINZ-571,horohoro,Waikato Region,03,Rural locality,false,Canonical
Horotiu,AREA-LINZ-575,horotiu,Waikato Region,03,Rural locality,false,Canonical
Horsham Downs,AREA-LINZ-2171,horsham downs,Waikato Region,03,Rural locality,false,Canonical
Hot Water Beach,AREA-LINZ-2685,hot water beach,Waikato Region,03,Rural locality,false,Canonical
Huntington,AREA-LINZ-8687,huntington,Waikato Region,03,Suburb,false,Canonical
Huntly,AREA-LINZ-3997,huntly,Waikato Region,03,Suburb,false,Canonical
Island Block,AREA-LINZ-608,island block,Waikato Region,03,Rural locality,false,Canonical
Iwitahi,AREA-LINZ-613,iwitahi,Waikato Region,03,Rural locality,false,Canonical
Kaiaua,AREA-LINZ-2724,kaiaua,Waikato Region,03,Rural locality,false,Canonical
Kaihere,AREA-LINZ-625,kaihere,Waikato Region,03,Rural locality,false,Canonical
Kaimarama,AREA-LINZ-2688,kaimarama,Waikato Region,03,Rural locality,false,Canonical
Karamu,AREA-LINZ-659,karamu,Waikato Region,03,Rural locality,false,Canonical
Karangahake,AREA-LINZ-638,karangahake,Waikato Region,03,Suburb,false,Canonical
Karapiro,AREA-LINZ-4035,karapiro,Waikato Region,03,Rural locality,false,Canonical
Kawhia,AREA-LINZ-6530,kawhia,Waikato Region,03,Rural locality,false,Canonical
Kennedy Bay,AREA-LINZ-2705,kennedy bay,Waikato Region,03,Rural locality,false,Canonical
Kerepehi,AREA-LINZ-681,kerepehi,Waikato Region,03,Rural locality,false,Canonical
Kereta,AREA-LINZ-2934,kereta,Waikato Region,03,Rural locality,false,Canonical
Kihikihi,AREA-LINZ-688,kihikihi,Waikato Region,03,Suburb,false,Canonical
Kinleith,AREA-LINZ-3988,kinleith,Waikato Region,03,Rural locality,false,Canonical
Kinleith Forest,AREA-LINZ-3984,kinleith forest,Waikato Region,03,Rural locality,false,Canonical
Kinloch,AREA-LINZ-2187,kinloch,Waikato Region,03,Rural locality,false,Canonical
Komata,AREA-LINZ-713,komata,Waikato Region,03,Rural locality,false,Canonical
Kopaki,AREA-LINZ-715,kopaki,Waikato Region,03,Rural locality,false,Canonical
Kopu,AREA-LINZ-716,kopu,Waikato Region,03,Rural locality,false,Canonical
Kopuatai Wetland,AREA-LINZ-8796,kopuatai wetland,Waikato Region,03,Rural locality,false,Canonical
Kopuku,AREA-LINZ-718,kopuku,Waikato Region,03,Rural locality,false,Canonical
Kūaotunu,AREA-LINZ-2690,kuaotunu,Waikato Region,03,Rural locality,false,Canonical
Kūaotunu West,AREA-LINZ-2691,kuaotunu west,Waikato Region,03,Rural locality,false,Canonical
Kuratau,AREA-LINZ-2021,kuratau,Waikato Region,03,Rural locality,false,Canonical
Lake Puketi,AREA-LINZ-2194,lake puketi,Waikato Region,03,Rural locality,false,Canonical
Leamington,AREA-LINZ-740,leamington,Waikato Region,03,Suburb,false,Canonical
Lichfield,AREA-LINZ-750,lichfield,Waikato Region,03,Rural locality,false,Canonical
Maeroa,AREA-LINZ-790,maeroa,Waikato Region,03,Suburb,false,Canonical
Māhoenui,AREA-LINZ-793,mahoenui,Waikato Region,03,Rural locality,false,Canonical
Maihiihi,AREA-LINZ-797,maihiihi,Waikato Region,03,Rural locality,false,Canonical
Makomako,AREA-LINZ-811,makomako,Waikato Region,03,Rural locality,false,Canonical
Mamaku,AREA-LINZ-813,mamaku,Waikato Region,03,Suburb,false,Canonical
Manaia,AREA-LINZ-2712,manaia,Waikato Region,03,Rural locality,false,Canonical
Manawaru,AREA-LINZ-819,manawaru,Waikato Region,03,Rural locality,false,Canonical
Mangakino,AREA-LINZ-4030,mangakino,Waikato Region,03,Suburb,false,Canonical
Mangaokewa,AREA-LINZ-825,mangaokewa,Waikato Region,03,Rural locality,false,Canonical
Mangaotaki,AREA-LINZ-828,mangaotaki,Waikato Region,03,Rural locality,false,Canonical
Mangatangi,AREA-LINZ-831,mangatangi,Waikato Region,03,Rural locality,false,Canonical
Mangatarata,AREA-LINZ-832,mangatarata,Waikato Region,03,Rural locality,false,Canonical
Mangatāwhiri,AREA-LINZ-833,mangatawhiri,Waikato Region,03,Rural locality,false,Canonical
Mangateparu,AREA-LINZ-834,mangateparu,Waikato Region,03,Rural locality,false,Canonical
Maramarua,AREA-LINZ-855,maramarua,Waikato Region,03,Rural locality,false,Canonical
Maramarua Forest,AREA-LINZ-856,maramarua forest,Waikato Region,03,Rural locality,false,Canonical
Marokopa,AREA-LINZ-2952,marokopa,Waikato Region,03,Rural locality,false,Canonical
Marotiri,AREA-LINZ-2292,marotiri,Waikato Region,03,Rural locality,false,Canonical
Matamata,AREA-LINZ-2013,matamata,Waikato Region,03,Suburb,false,Canonical
Matangi,AREA-LINZ-8978,matangi,Waikato Region,03,Rural locality,false,Canonical
Matarangi,AREA-LINZ-2694,matarangi,Waikato Region,03,Rural locality,false,Canonical
Matatoki,AREA-LINZ-882,matatoki,Waikato Region,03,Rural locality,false,Canonical
Matira,AREA-LINZ-889,matira,Waikato Region,03,Rural locality,false,Canonical
Maunganamu,AREA-LINZ-8867,maunganamu,Waikato Region,03,Suburb,false,Canonical
Maungatautari,AREA-LINZ-2289,maungatautari,Waikato Region,03,Rural locality,false,Canonical
Melville,AREA-LINZ-914,melville,Waikato Region,03,Suburb,false,Canonical
Mercer,AREA-LINZ-4087,mercer,Waikato Region,03,Rural locality,false,Canonical
Meremere,AREA-LINZ-917,meremere,Waikato Region,03,Rural locality,false,Canonical
Mihi,AREA-LINZ-2209,mihi,Waikato Region,03,Rural locality,false,Canonical
Mokai,AREA-LINZ-2009,mokai,Waikato Region,03,Rural locality,false,Canonical
Mōkau,AREA-LINZ-4089,mokau,Waikato Region,03,Rural locality,false,Canonical
Morrinsville,AREA-LINZ-2210,morrinsville,Waikato Region,03,Suburb,false,Canonical
Motumaoho,AREA-LINZ-971,motumaoho,Waikato Region,03,Rural locality,false,Canonical
Motuoapa,AREA-LINZ-2211,motuoapa,Waikato Region,03,Rural locality,false,Canonical
Motutere,AREA-LINZ-2363,motutere,Waikato Region,03,Rural locality,false,Canonical
Naike,AREA-LINZ-1004,naike,Waikato Region,03,Rural locality,false,Canonical
Nawton,AREA-LINZ-2367,nawton,Waikato Region,03,Suburb,false,Canonical
Netherton,AREA-LINZ-1010,netherton,Waikato Region,03,Rural locality,false,Canonical
Newstead,AREA-LINZ-1019,newstead,Waikato Region,03,Rural locality,false,Canonical
Ngahape,AREA-LINZ-1022,ngahape,Waikato Region,03,Rural locality,false,Canonical
Ngāhinapōuri,AREA-LINZ-2007,ngahinapouri,Waikato Region,03,Rural locality,false,Canonical
Ngakuru,AREA-LINZ-6524,ngakuru,Waikato Region,03,Rural locality,false,Canonical
Ngārimu Bay,AREA-LINZ-8995,ngarimu bay,Waikato Region,03,Rural locality,false,Canonical
Ngarua,AREA-LINZ-1032,ngarua,Waikato Region,03,Rural locality,false,Canonical
Ngāruawāhia,AREA-LINZ-2369,ngaruawahia,Waikato Region,03,Suburb,false,Canonical
Ngatea,AREA-LINZ-1034,ngatea,Waikato Region,03,Suburb,false,Canonical
Ngatira,AREA-LINZ-3987,ngatira,Waikato Region,03,Rural locality,false,Canonical
Northgate,AREA-LINZ-8806,northgate,Waikato Region,03,Suburb,false,Canonical
Nukuhau,AREA-LINZ-4098,nukuhau,Waikato Region,03,Suburb,false,Canonical
Ohaaki,AREA-LINZ-1075,ohaaki,Waikato Region,03,Rural locality,false,Canonical
Ohakuri,AREA-LINZ-3983,ohakuri,Waikato Region,03,Rural locality,false,Canonical
Ōhaupō,AREA-LINZ-2217,ohaupo,Waikato Region,03,Suburb,false,Canonical
Ohinewai,AREA-LINZ-4079,ohinewai,Waikato Region,03,Rural locality,false,Canonical
Okauia,AREA-LINZ-1091,okauia,Waikato Region,03,Rural locality,false,Canonical
Okoroire,AREA-LINZ-2284,okoroire,Waikato Region,03,Suburb,false,Canonical
Omori,AREA-LINZ-2219,omori,Waikato Region,03,Rural locality,false,Canonical
Onemana,AREA-LINZ-2679,onemana,Waikato Region,03,Rural locality,false,Canonical
Onewhero,AREA-LINZ-4101,onewhero,Waikato Region,03,Rural locality,false,Canonical
Ōpārau,AREA-LINZ-4068,oparau,Waikato Region,03,Rural locality,false,Canonical
Opito Bay,AREA-LINZ-2692,opito bay,Waikato Region,03,Rural locality,false,Canonical
Opoutere,AREA-LINZ-2680,opoutere,Waikato Region,03,Rural locality,false,Canonical
Orini,AREA-LINZ-1133,orini,Waikato Region,03,Rural locality,false,Canonical
Orongo,AREA-LINZ-1138,orongo,Waikato Region,03,Rural locality,false,Canonical
Oruanui,AREA-LINZ-2417,oruanui,Waikato Region,03,Rural locality,false,Canonical
Otapaurau,AREA-LINZ-2695,otapaurau,Waikato Region,03,Rural locality,false,Canonical
Otaua,AREA-LINZ-4102,otaua,Waikato Region,03,Rural locality,false,Canonical
Ōtewā,AREA-LINZ-1164,otewa,Waikato Region,03,Rural locality,false,Canonical
Ōtorohanga,AREA-LINZ-1168,otorohanga,Waikato Region,03,Suburb,false,Canonical
Otukou,AREA-LINZ-8659,otukou,Waikato Region,03,Rural locality,false,Canonical
Otway,AREA-LINZ-1169,otway,Waikato Region,03,Rural locality,false,Canonical
Ōwhiro,AREA-LINZ-4069,owhiro,Waikato Region,03,Rural locality,false,Canonical
Paeroa,AREA-LINZ-1183,paeroa,Waikato Region,03,Suburb,false,Canonical
Parawera,AREA-LINZ-2004,parawera,Waikato Region,03,Rural locality,false,Canonical
Patetonga,AREA-LINZ-1226,patetonga,Waikato Region,03,Rural locality,false,Canonical
Pauanui,AREA-LINZ-2681,pauanui,Waikato Region,03,Rural locality,false,Canonical
Peacocke,AREA-LINZ-8963,peacocke,Waikato Region,03,Suburb,false,Canonical
Pepepe,AREA-LINZ-1238,pepepe,Waikato Region,03,Rural locality,false,Canonical
Piarere,AREA-LINZ-2736,piarere,Waikato Region,03,Rural locality,false,Canonical
Piopio,AREA-LINZ-1255,piopio,Waikato Region,03,Suburb,false,Canonical
Pipiroa,AREA-LINZ-1257,pipiroa,Waikato Region,03,Rural locality,false,Canonical
Pirongia,AREA-LINZ-1261,pirongia,Waikato Region,03,Suburb,false,Canonical
Pōkeno,AREA-LINZ-1273,pokeno,Waikato Region,03,Rural locality,false,Canonical
Pokuru,AREA-LINZ-1275,pokuru,Waikato Region,03,Rural locality,false,Canonical
Pomarangai,AREA-LINZ-1277,pomarangai,Waikato Region,03,Rural locality,false,Canonical
Port Charles,AREA-LINZ-2704,port charles,Waikato Region,03,Rural locality,false,Canonical
Port Jackson,AREA-LINZ-2703,port jackson,Waikato Region,03,Rural locality,false,Canonical
Port Waikato,AREA-LINZ-6539,port waikato,Waikato Region,03,Rural locality,false,Canonical
Preece Point,AREA-LINZ-2708,preece point,Waikato Region,03,Suburb,false,Canonical
Pukawa Bay,AREA-LINZ-8965,pukawa bay,Waikato Region,03,Rural locality,false,Canonical
Pukeatua,AREA-LINZ-2228,pukeatua,Waikato Region,03,Rural locality,false,Canonical
Pukekawa,AREA-LINZ-1305,pukekawa,Waikato Region,03,Rural locality,false,Canonical
Pukekohe East,AREA-LINZ-1307,pukekohe east,Waikato Region,03,Rural locality,false,Canonical
Pukemiro,AREA-LINZ-1310,pukemiro,Waikato Region,03,Rural locality,false,Canonical
Pukemoremore,AREA-LINZ-1311,pukemoremore,Waikato Region,03,Rural locality,false,Canonical
Pukepoto,AREA-LINZ-2683,pukepoto,Waikato Region,03,Rural locality,false,Canonical
Puketaha,AREA-LINZ-1318,puketaha,Waikato Region,03,Rural locality,false,Canonical
Pukete,AREA-LINZ-1319,pukete,Waikato Region,03,Suburb,false,Canonical
Puketotara,AREA-LINZ-1326,puketotara,Waikato Region,03,Rural locality,false,Canonical
Puketutu,AREA-LINZ-1327,puketutu,Waikato Region,03,Rural locality,false,Canonical
Pūkorokoro / Miranda,AREA-LINZ-2720,pukorokoro / miranda,Waikato Region,03,Rural locality,false,Canonical
Pumpkin Hill,AREA-LINZ-1330,pumpkin hill,Waikato Region,03,Rural locality,false,Canonical
Purangi,AREA-LINZ-2686,purangi,Waikato Region,03,Rural locality,false,Canonical
Puriri,AREA-LINZ-3995,puriri,Waikato Region,03,Rural locality,false,Canonical
Putāruru,AREA-LINZ-1339,putaruru,Waikato Region,03,Suburb,false,Canonical
Queenwood,AREA-LINZ-1349,queenwood,Waikato Region,03,Suburb,false,Canonical
Raglan,AREA-LINZ-4106,raglan,Waikato Region,03,Suburb,false,Canonical
Rainbow Point,AREA-LINZ-8861,rainbow point,Waikato Region,03,Suburb,false,Canonical
Rangatira Park,AREA-LINZ-8868,rangatira park,Waikato Region,03,Suburb,false,Canonical
Rangipo,AREA-LINZ-2001,rangipo,Waikato Region,03,Rural locality,false,Canonical
Rangiriri,AREA-LINZ-4107,rangiriri,Waikato Region,03,Rural locality,false,Canonical
Rangitoto,AREA-LINZ-1366,rangitoto,Waikato Region,03,Rural locality,false,Canonical
Reporoa,AREA-LINZ-2278,reporoa,Waikato Region,03,Rural locality,false,Canonical
Richmond Downs,AREA-LINZ-1398,richmond downs,Waikato Region,03,Rural locality,false,Canonical
Richmond Heights,AREA-LINZ-8865,richmond heights,Waikato Region,03,Suburb,false,Canonical
Riverlea,AREA-LINZ-1408,riverlea,Waikato Region,03,Suburb,false,Canonical
Rotokauri,AREA-LINZ-2412,rotokauri,Waikato Region,03,Suburb,false,Canonical
Rotokawa,AREA-LINZ-1998,rotokawa,Waikato Region,03,Rural locality,false,Canonical
Rotongaro,AREA-LINZ-4081,rotongaro,Waikato Region,03,Rural locality,false,Canonical
Rotoorangi,AREA-LINZ-1439,rotoorangi,Waikato Region,03,Rural locality,false,Canonical
Rototuna,AREA-LINZ-1440,rototuna,Waikato Region,03,Suburb,false,Canonical
Rototuna North,AREA-LINZ-1441,rototuna north,Waikato Region,03,Suburb,false,Canonical
Rotowaro,AREA-LINZ-3998,rotowaro,Waikato Region,03,Rural locality,false,Canonical
Ruakura,AREA-LINZ-1449,ruakura,Waikato Region,03,Suburb,false,Canonical
Ruamahunga,AREA-LINZ-2714,ruamahunga,Waikato Region,03,Rural locality,false,Canonical
Ruawaro,AREA-LINZ-2380,ruawaro,Waikato Region,03,Rural locality,false,Canonical
Rukuhia,AREA-LINZ-8645,rukuhia,Waikato Region,03,Rural locality,false,Canonical
Silverdale,AREA-LINZ-1490,silverdale,Waikato Region,03,Suburb,false,Canonical
Springdale,AREA-LINZ-1516,springdale,Waikato Region,03,Rural locality,false,Canonical
St Andrews,AREA-LINZ-1524,st andrews,Waikato Region,03,Suburb,false,Canonical
Taharoa,AREA-LINZ-1993,taharoa,Waikato Region,03,Rural locality,false,Canonical
Tahorakurī Forest,AREA-LINZ-1561,tahorakuri forest,Waikato Region,03,Rural locality,false,Canonical
Tahuna,AREA-LINZ-1562,tahuna,Waikato Region,03,Rural locality,false,Canonical
Tairua,AREA-LINZ-2937,tairua,Waikato Region,03,Suburb,false,Canonical
Tamahere,AREA-LINZ-2384,tamahere,Waikato Region,03,Rural locality,false,Canonical
Tapapa,AREA-LINZ-2409,tapapa,Waikato Region,03,Rural locality,false,Canonical
Tapu,AREA-LINZ-2716,tapu,Waikato Region,03,Rural locality,false,Canonical
Tatuanui,AREA-LINZ-1601,tatuanui,Waikato Region,03,Rural locality,false,Canonical
Tauhara,AREA-LINZ-8866,tauhara,Waikato Region,03,Suburb,false,Canonical
Tauhara Forest,AREA-LINZ-2275,tauhara forest,Waikato Region,03,Rural locality,false,Canonical
Tauhei,AREA-LINZ-1602,tauhei,Waikato Region,03,Rural locality,false,Canonical
Taupiri,AREA-LINZ-2274,taupiri,Waikato Region,03,Suburb,false,Canonical
Taupō,AREA-LINZ-3981,taupo,Waikato Region,03,Suburb,false,Canonical
Tauranga Taupō,AREA-LINZ-2408,tauranga taupo,Waikato Region,03,Rural locality,false,Canonical
Tauwhare,AREA-LINZ-8872,tauwhare,Waikato Region,03,Suburb,false,Canonical
Te Ākau,AREA-LINZ-4024,te akau,Waikato Region,03,Rural locality,false,Canonical
Te Anga,AREA-LINZ-1617,te anga,Waikato Region,03,Rural locality,false,Canonical
Te Aroha,AREA-LINZ-1619,te aroha,Waikato Region,03,Suburb,false,Canonical
Te Aroha West,AREA-LINZ-1620,te aroha west,Waikato Region,03,Rural locality,false,Canonical
Te Awamutu,AREA-LINZ-2272,te awamutu,Waikato Region,03,Suburb,false,Canonical
Te Hoe,AREA-LINZ-1623,te hoe,Waikato Region,03,Rural locality,false,Canonical
Te Kauwhata,AREA-LINZ-2270,te kauwhata,Waikato Region,03,Suburb,false,Canonical
Te Kawa,AREA-LINZ-1626,te kawa,Waikato Region,03,Rural locality,false,Canonical
Te Kohanga,AREA-LINZ-1629,te kohanga,Waikato Region,03,Rural locality,false,Canonical
Te Kouma,AREA-LINZ-2709,te kouma,Waikato Region,03,Rural locality,false,Canonical
Te Kowhai,AREA-LINZ-1990,te kowhai,Waikato Region,03,Rural locality,false,Canonical
Te Kūiti,AREA-LINZ-1630,te kuiti,Waikato Region,03,Suburb,false,Canonical
Te Mapara,AREA-LINZ-1632,te mapara,Waikato Region,03,Rural locality,false,Canonical
Te Mata,AREA-LINZ-2711,te mata,Waikato Region,03,Rural locality,false,Canonical
Te Miro,AREA-LINZ-1634,te miro,Waikato Region,03,Rural locality,false,Canonical
Te Ohaki,AREA-LINZ-4110,te ohaki,Waikato Region,03,Rural locality,false,Canonical
Te Pahu,AREA-LINZ-8857,te pahu,Waikato Region,03,Rural locality,false,Canonical
Te Poi,AREA-LINZ-2386,te poi,Waikato Region,03,Rural locality,false,Canonical
Te Puninga,AREA-LINZ-1640,te puninga,Waikato Region,03,Rural locality,false,Canonical
Te Puru,AREA-LINZ-2715,te puru,Waikato Region,03,Rural locality,false,Canonical
Te Rapa,AREA-LINZ-1643,te rapa,Waikato Region,03,Suburb,false,Canonical
Te Rapa Park,AREA-LINZ-1642,te rapa park,Waikato Region,03,Suburb,false,Canonical
Te Rauamoa,AREA-LINZ-1644,te rauamoa,Waikato Region,03,Rural locality,false,Canonical
Te Rerenga,AREA-LINZ-2696,te rerenga,Waikato Region,03,Suburb,false,Canonical
Temple View,AREA-LINZ-2445,temple view,Waikato Region,03,Suburb,false,Canonical
Thames,AREA-LINZ-2713,thames,Waikato Region,03,Suburb,false,Canonical
Thornton Bay,AREA-LINZ-2717,thornton bay,Waikato Region,03,Rural locality,false,Canonical
Tihiroa,AREA-LINZ-1678,tihiroa,Waikato Region,03,Rural locality,false,Canonical
Tihoi,AREA-LINZ-2389,tihoi,Waikato Region,03,Rural locality,false,Canonical
Tīrau,AREA-LINZ-1697,tirau,Waikato Region,03,Suburb,false,Canonical
Tirohanga,AREA-LINZ-8691,tirohanga,Waikato Region,03,Rural locality,false,Canonical
Tirohia,AREA-LINZ-1676,tirohia,Waikato Region,03,Rural locality,false,Canonical
Tokaanu,AREA-LINZ-2391,tokaanu,Waikato Region,03,Rural locality,false,Canonical
Tokanui,AREA-LINZ-1708,tokanui,Waikato Region,03,Rural locality,false,Canonical
Tokoroa,AREA-LINZ-1987,tokoroa,Waikato Region,03,Suburb,false,Canonical
Tuakau,AREA-LINZ-4113,tuakau,Waikato Region,03,Suburb,false,Canonical
Tuateawa,AREA-LINZ-2700,tuateawa,Waikato Region,03,Rural locality,false,Canonical
Turangaomoana,AREA-LINZ-1735,turangaomoana,Waikato Region,03,Rural locality,false,Canonical
Tūrangi,AREA-LINZ-2443,turangi,Waikato Region,03,Suburb,false,Canonical
Turua,AREA-LINZ-4114,turua,Waikato Region,03,Suburb,false,Canonical
Two Mile Bay,AREA-LINZ-8862,two mile bay,Waikato Region,03,Suburb,false,Canonical
Waerenga,AREA-LINZ-1985,waerenga,Waikato Region,03,Rural locality,false,Canonical
Waharoa,AREA-LINZ-8688,waharoa,Waikato Region,03,Suburb,false,Canonical
Waiaro,AREA-LINZ-2699,waiaro,Waikato Region,03,Rural locality,false,Canonical
Waiau,AREA-LINZ-259,waiau,Waikato Region,03,Rural locality,false,Canonical
Waihāhā,AREA-LINZ-2405,waihaha,Waikato Region,03,Rural locality,false,Canonical
Waihi,AREA-LINZ-3994,waihi,Waikato Region,03,Suburb,false,Canonical
Waihou,AREA-LINZ-1779,waihou,Waikato Region,03,Rural locality,false,Canonical
Waikaretu,AREA-LINZ-1786,waikaretu,Waikato Region,03,Rural locality,false,Canonical
Waikato Hospital,AREA-LINZ-1788,waikato hospital,Waikato Region,03,Suburb,false,Canonical
Waikawau,AREA-LINZ-1791,waikawau,Waikato Region,03,Rural locality,false,Canonical
Waikawau,AREA-LINZ-2706,waikawau,Waikato Region,03,Rural locality,false,Canonical
Waikeria,AREA-LINZ-1792,waikeria,Waikato Region,03,Rural locality,false,Canonical
Waikino,AREA-LINZ-8663,waikino,Waikato Region,03,Suburb,false,Canonical
Waikite Valley,AREA-LINZ-1983,waikite valley,Waikato Region,03,Rural locality,false,Canonical
Waikokowai,AREA-LINZ-1795,waikokowai,Waikato Region,03,Rural locality,false,Canonical
Waimahora,AREA-LINZ-1802,waimahora,Waikato Region,03,Rural locality,false,Canonical
Waingaro,AREA-LINZ-1814,waingaro,Waikato Region,03,Rural locality,false,Canonical
Waiomu,AREA-LINZ-2718,waiomu,Waikato Region,03,Rural locality,false,Canonical
Waiotaka Valley,AREA-LINZ-8672,waiotaka valley,Waikato Region,03,Suburb,false,Canonical
Waiotapu,AREA-LINZ-2393,waiotapu,Waikato Region,03,Rural locality,false,Canonical
Waipa Valley,AREA-LINZ-1827,waipa valley,Waikato Region,03,Rural locality,false,Canonical
Waipahihi,AREA-LINZ-8864,waipahihi,Waikato Region,03,Suburb,false,Canonical
Waipakihi,AREA-LINZ-3979,waipakihi,Waikato Region,03,Rural locality,false,Canonical
Wairakei,AREA-LINZ-2442,wairakei,Waikato Region,03,Suburb,false,Canonical
Waitahanui,AREA-LINZ-1981,waitahanui,Waikato Region,03,Rural locality,false,Canonical
Waitaia Bay,AREA-LINZ-2693,waitaia bay,Waikato Region,03,Rural locality,false,Canonical
Waitakaruru,AREA-LINZ-2723,waitakaruru,Waikato Region,03,Rural locality,false,Canonical
Waiterimu,AREA-LINZ-2258,waiterimu,Waikato Region,03,Rural locality,false,Canonical
Waitetuna,AREA-LINZ-1856,waitetuna,Waikato Region,03,Rural locality,false,Canonical
Waitoa,AREA-LINZ-1857,waitoa,Waikato Region,03,Suburb,false,Canonical
Waitomo,AREA-LINZ-1860,waitomo,Waikato Region,03,Rural locality,false,Canonical
Waotu,AREA-LINZ-8831,waotu,Waikato Region,03,Rural locality,false,Canonical
Wardville,AREA-LINZ-1882,wardville,Waikato Region,03,Rural locality,false,Canonical
Western Heights,AREA-LINZ-1911,western heights,Waikato Region,03,Suburb,false,Canonical
Whakamaru,AREA-LINZ-2396,whakamaru,Waikato Region,03,Rural locality,false,Canonical
Whakatete Bay,AREA-LINZ-2719,whakatete bay,Waikato Region,03,Rural locality,false,Canonical
Whakatīwai,AREA-LINZ-2722,whakatiwai,Waikato Region,03,Rural locality,false,Canonical
Whangamarino,AREA-LINZ-4116,whangamarino,Waikato Region,03,Rural locality,false,Canonical
Whangamatā,AREA-LINZ-4020,whangamata,Waikato Region,03,Suburb,false,Canonical
Whangapoua,AREA-LINZ-2701,whangapoua,Waikato Region,03,Rural locality,false,Canonical
Wharekaho,AREA-LINZ-2689,wharekaho,Waikato Region,03,Rural locality,false,Canonical
Wharepapa South,AREA-LINZ-4029,wharepapa south,Waikato Region,03,Rural locality,false,Canonical
Wharepūhunga,AREA-LINZ-4028,wharepuhunga,Waikato Region,03,Rural locality,false,Canonical
Wharewaka,AREA-LINZ-8860,wharewaka,Waikato Region,03,Suburb,false,Canonical
Whatawhata,AREA-LINZ-2454,whatawhata,Waikato Region,03,Rural locality,false,Canonical
Whenuakite,AREA-LINZ-1935,whenuakite,Waikato Region,03,Rural locality,false,Canonical
Whiritoa,AREA-LINZ-2678,whiritoa,Waikato Region,03,Rural locality,false,Canonical
Whitianga,AREA-LINZ-2936,whitianga,Waikato Region,03,Suburb,false,Canonical
Whitikahu,AREA-LINZ-1940,whitikahu,Waikato Region,03,Rural locality,false,Canonical
Whitiora,AREA-LINZ-1941,whitiora,Waikato Region,03,Suburb,false,Canonical
Wiltsdown,AREA-LINZ-1948,wiltsdown,Waikato Region,03,Rural locality,false,Canonical
Wyuna Bay,AREA-LINZ-2707,wyuna bay,Waikato Region,03,Rural locality,false,Canonical
Aongatete,AREA-LINZ-2674,aongatete,Bay of Plenty Region,04,Rural locality,false,Canonical
Athenree,AREA-LINZ-2938,athenree,Bay of Plenty Region,04,Suburb,false,Canonical
Athenree Gorge,AREA-LINZ-3993,athenree gorge,Bay of Plenty Region,04,Rural locality,false,Canonical
Awakeri,AREA-LINZ-2056,awakeri,Bay of Plenty Region,04,Rural locality,false,Canonical
Bellevue,AREA-LINZ-114,bellevue,Bay of Plenty Region,04,Suburb,false,Canonical
Bethlehem,AREA-LINZ-120,bethlehem,Bay of Plenty Region,04,Suburb,false,Canonical
Bowentown,AREA-LINZ-8758,bowentown,Bay of Plenty Region,04,Suburb,false,Canonical
Brookfield,AREA-LINZ-162,brookfield,Bay of Plenty Region,04,Suburb,false,Canonical
Cape Runaway,AREA-LINZ-2654,cape runaway,Bay of Plenty Region,04,Rural locality,false,Canonical
Coastlands,AREA-LINZ-247,coastlands,Bay of Plenty Region,04,Suburb,false,Canonical
Edgecumbe,AREA-LINZ-331,edgecumbe,Bay of Plenty Region,04,Suburb,false,Canonical
Fairy Springs,AREA-LINZ-2041,fairy springs,Bay of Plenty Region,04,Suburb,false,Canonical
Fenton Park,AREA-LINZ-8769,fenton park,Bay of Plenty Region,04,Suburb,false,Canonical
Fordlands,AREA-LINZ-2039,fordlands,Bay of Plenty Region,04,Suburb,false,Canonical
Galatea,AREA-LINZ-2036,galatea,Bay of Plenty Region,04,Rural locality,false,Canonical
Gate Pa,AREA-LINZ-406,gate pa,Bay of Plenty Region,04,Suburb,false,Canonical
Glenholme,AREA-LINZ-430,glenholme,Bay of Plenty Region,04,Suburb,false,Canonical
Greerton,AREA-LINZ-471,greerton,Bay of Plenty Region,04,Suburb,false,Canonical
Hairini,AREA-LINZ-4032,hairini,Bay of Plenty Region,04,Suburb,false,Canonical
Hamurana,AREA-LINZ-4026,hamurana,Bay of Plenty Region,04,Rural locality,false,Canonical
Hannahs Bay,AREA-LINZ-8773,hannahs bay,Bay of Plenty Region,04,Suburb,false,Canonical
Hawai,AREA-LINZ-510,hawai,Bay of Plenty Region,04,Rural locality,false,Canonical
Hillcrest,AREA-LINZ-2168,hillcrest,Bay of Plenty Region,04,Suburb,false,Canonical
Holdens Bay,AREA-LINZ-8774,holdens bay,Bay of Plenty Region,04,Suburb,false,Canonical
Judea,AREA-LINZ-618,judea,Bay of Plenty Region,04,Suburb,false,Canonical
Kaingaroa,AREA-LINZ-2028,kaingaroa,Bay of Plenty Region,04,Rural locality,false,Canonical
Kaingaroa Forest,AREA-LINZ-2027,kaingaroa forest,Bay of Plenty Region,04,Rural locality,false,Canonical
Kairua,AREA-LINZ-639,kairua,Bay of Plenty Region,04,Rural locality,false,Canonical
Kapenga,AREA-LINZ-654,kapenga,Bay of Plenty Region,04,Rural locality,false,Canonical
Katikati,AREA-LINZ-2675,katikati,Bay of Plenty Region,04,Suburb,false,Canonical
Kawaha Point,AREA-LINZ-2184,kawaha point,Bay of Plenty Region,04,Suburb,false,Canonical
Kawerau,AREA-LINZ-2023,kawerau,Bay of Plenty Region,04,Suburb,false,Canonical
Koutu,AREA-LINZ-2294,koutu,Bay of Plenty Region,04,Suburb,false,Canonical
Kutarere,AREA-LINZ-2658,kutarere,Bay of Plenty Region,04,Rural locality,false,Canonical
Lake Matahina,AREA-LINZ-2019,lake matahina,Bay of Plenty Region,04,Rural locality,false,Canonical
Lake Okareka,AREA-LINZ-3990,lake okareka,Bay of Plenty Region,04,Suburb,false,Canonical
Lake Ōkataina,AREA-LINZ-2193,lake okataina,Bay of Plenty Region,04,Rural locality,false,Canonical
Lake Rotoma,AREA-LINZ-2018,lake rotoma,Bay of Plenty Region,04,Rural locality,false,Canonical
Lake Tarawera,AREA-LINZ-8670,lake tarawera,Bay of Plenty Region,04,Suburb,false,Canonical
Lower Kaimai,AREA-LINZ-2115,lower kaimai,Bay of Plenty Region,04,Rural locality,false,Canonical
Lynmore,AREA-LINZ-2201,lynmore,Bay of Plenty Region,04,Suburb,false,Canonical
Maketu,AREA-LINZ-2663,maketu,Bay of Plenty Region,04,Rural locality,false,Canonical
Manawahe,AREA-LINZ-818,manawahe,Bay of Plenty Region,04,Rural locality,false,Canonical
Mangakakahi,AREA-LINZ-2358,mangakakahi,Bay of Plenty Region,04,Suburb,false,Canonical
Maraenui,AREA-LINZ-8972,maraenui,Bay of Plenty Region,04,Rural locality,false,Canonical
Maraetotara,AREA-LINZ-2661,maraetotara,Bay of Plenty Region,04,Suburb,false,Canonical
Matahi,AREA-LINZ-871,matahi,Bay of Plenty Region,04,Rural locality,false,Canonical
Matahina Forest,AREA-LINZ-2290,matahina forest,Bay of Plenty Region,04,Rural locality,false,Canonical
Matapihi,AREA-LINZ-2669,matapihi,Bay of Plenty Region,04,Rural locality,false,Canonical
Matatā,AREA-LINZ-881,matata,Bay of Plenty Region,04,Rural locality,false,Canonical
Matipo Heights,AREA-LINZ-8882,matipo heights,Bay of Plenty Region,04,Suburb,false,Canonical
Matua,AREA-LINZ-891,matua,Bay of Plenty Region,04,Suburb,false,Canonical
Maungapohatu,AREA-LINZ-895,maungapohatu,Bay of Plenty Region,04,Rural locality,false,Canonical
Maungatapu,AREA-LINZ-898,maungatapu,Bay of Plenty Region,04,Suburb,false,Canonical
Minden,AREA-LINZ-1841,minden,Bay of Plenty Region,04,Rural locality,false,Canonical
Minginui,AREA-LINZ-2288,minginui,Bay of Plenty Region,04,Rural locality,false,Canonical
Mount Maunganui,AREA-LINZ-2668,mount maunganui,Bay of Plenty Region,04,Suburb,false,Canonical
Mount Tarawera,AREA-LINZ-2008,mount tarawera,Bay of Plenty Region,04,Rural locality,false,Canonical
Mourea,AREA-LINZ-4025,mourea,Bay of Plenty Region,04,Suburb,false,Canonical
Murupara,AREA-LINZ-999,murupara,Bay of Plenty Region,04,Suburb,false,Canonical
Ngapuna,AREA-LINZ-8656,ngapuna,Bay of Plenty Region,04,Suburb,false,Canonical
Ngawaro,AREA-LINZ-2331,ngawaro,Bay of Plenty Region,04,Rural locality,false,Canonical
Ngongotahā,AREA-LINZ-4027,ngongotaha,Bay of Plenty Region,04,Suburb,false,Canonical
Ngongotahā Valley,AREA-LINZ-1039,ngongotaha valley,Bay of Plenty Region,04,Rural locality,false,Canonical
Nukuhou,AREA-LINZ-1067,nukuhou,Bay of Plenty Region,04,Rural locality,false,Canonical
Ohauiti,AREA-LINZ-1081,ohauiti,Bay of Plenty Region,04,Rural locality,false,Canonical
Ohinemutu,AREA-LINZ-8837,ohinemutu,Bay of Plenty Region,04,Suburb,false,Canonical
Ōhope,AREA-LINZ-2659,ohope,Bay of Plenty Region,04,Suburb,false,Canonical
Okere Falls,AREA-LINZ-4074,okere falls,Bay of Plenty Region,04,Rural locality,false,Canonical
Omaio,AREA-LINZ-2656,omaio,Bay of Plenty Region,04,Rural locality,false,Canonical
Omanawa,AREA-LINZ-2371,omanawa,Bay of Plenty Region,04,Rural locality,false,Canonical
Ōmataroa,AREA-LINZ-2218,omataroa,Bay of Plenty Region,04,Rural locality,false,Canonical
Ōmokoroa,AREA-LINZ-2673,omokoroa,Bay of Plenty Region,04,Suburb,false,Canonical
Ōpōtiki,AREA-LINZ-1120,opotiki,Bay of Plenty Region,04,Suburb,false,Canonical
Oropi,AREA-LINZ-1139,oropi,Bay of Plenty Region,04,Rural locality,false,Canonical
Otakiri,AREA-LINZ-2220,otakiri,Bay of Plenty Region,04,Rural locality,false,Canonical
Ōtara,AREA-LINZ-1157,otara,Bay of Plenty Region,04,Rural locality,false,Canonical
Otūmoetai,AREA-LINZ-4037,otumoetai,Bay of Plenty Region,04,Suburb,false,Canonical
Ōwhata,AREA-LINZ-2282,owhata,Bay of Plenty Region,04,Suburb,false,Canonical
Paengaroa,AREA-LINZ-2662,paengaroa,Bay of Plenty Region,04,Rural locality,false,Canonical
Papamoa,AREA-LINZ-1197,papamoa,Bay of Plenty Region,04,Suburb,false,Canonical
Papamoa Beach,AREA-LINZ-2664,papamoa beach,Bay of Plenty Region,04,Suburb,false,Canonical
Parkvale,AREA-LINZ-1222,parkvale,Bay of Plenty Region,04,Suburb,false,Canonical
Pikowai,AREA-LINZ-1248,pikowai,Bay of Plenty Region,04,Rural locality,false,Canonical
Poike,AREA-LINZ-1271,poike,Bay of Plenty Region,04,Suburb,false,Canonical
Pomare,AREA-LINZ-8880,pomare,Bay of Plenty Region,04,Suburb,false,Canonical
Pongakawa,AREA-LINZ-2229,pongakawa,Bay of Plenty Region,04,Rural locality,false,Canonical
Poroporo,AREA-LINZ-1285,poroporo,Bay of Plenty Region,04,Suburb,false,Canonical
Pukehangi,AREA-LINZ-1301,pukehangi,Bay of Plenty Region,04,Suburb,false,Canonical
Pukehina,AREA-LINZ-1303,pukehina,Bay of Plenty Region,04,Rural locality,false,Canonical
Putauaki,AREA-LINZ-2377,putauaki,Bay of Plenty Region,04,Rural locality,false,Canonical
Pyes Pa,AREA-LINZ-1342,pyes pa,Bay of Plenty Region,04,Suburb,false,Canonical
Rangitaiki,AREA-LINZ-2233,rangitaiki,Bay of Plenty Region,04,Rural locality,false,Canonical
Rangiuru,AREA-LINZ-1368,rangiuru,Bay of Plenty Region,04,Rural locality,false,Canonical
Rerewhakaaitu,AREA-LINZ-4078,rerewhakaaitu,Bay of Plenty Region,04,Rural locality,false,Canonical
Rotoiti Forest,AREA-LINZ-4075,rotoiti forest,Bay of Plenty Region,04,Rural locality,false,Canonical
Rotomā,AREA-LINZ-2277,rotoma,Bay of Plenty Region,04,Rural locality,false,Canonical
Rotorua,AREA-LINZ-1997,rotorua,Bay of Plenty Region,04,Suburb,false,Canonical
Ruatahuna,AREA-LINZ-1451,ruatahuna,Bay of Plenty Region,04,Rural locality,false,Canonical
Ruatoki,AREA-LINZ-1453,ruatoki,Bay of Plenty Region,04,Rural locality,false,Canonical
Selwyn Heights,AREA-LINZ-2239,selwyn heights,Bay of Plenty Region,04,Suburb,false,Canonical
Springfield,AREA-LINZ-1517,springfield,Bay of Plenty Region,04,Suburb,false,Canonical
Sunnybrook,AREA-LINZ-8881,sunnybrook,Bay of Plenty Region,04,Suburb,false,Canonical
Tahawai,AREA-LINZ-4022,tahawai,Bay of Plenty Region,04,Rural locality,false,Canonical
Tāneatua,AREA-LINZ-1582,taneatua,Bay of Plenty Region,04,Suburb,false,Canonical
Tanners Point,AREA-LINZ-2676,tanners point,Bay of Plenty Region,04,Rural locality,false,Canonical
Tarawera Forest,AREA-LINZ-1594,tarawera forest,Bay of Plenty Region,04,Rural locality,false,Canonical
Tauranga,AREA-LINZ-2670,tauranga,Bay of Plenty Region,04,Suburb,false,Canonical
Tauranga South,AREA-LINZ-2667,tauranga south,Bay of Plenty Region,04,Suburb,false,Canonical
Tauriko,AREA-LINZ-1608,tauriko,Bay of Plenty Region,04,Suburb,false,Canonical
Tawera,AREA-LINZ-1612,tawera,Bay of Plenty Region,04,Rural locality,false,Canonical
Te Kaha,AREA-LINZ-2655,te kaha,Bay of Plenty Region,04,Rural locality,false,Canonical
Te Puke,AREA-LINZ-1639,te puke,Bay of Plenty Region,04,Suburb,false,Canonical
Te Puna,AREA-LINZ-2671,te puna,Bay of Plenty Region,04,Rural locality,false,Canonical
Te Ranga,AREA-LINZ-1641,te ranga,Bay of Plenty Region,04,Rural locality,false,Canonical
Te Teko,AREA-LINZ-2269,te teko,Bay of Plenty Region,04,Rural locality,false,Canonical
Thornton,AREA-LINZ-1673,thornton,Bay of Plenty Region,04,Rural locality,false,Canonical
Tihiotonga,AREA-LINZ-1696,tihiotonga,Bay of Plenty Region,04,Suburb,false,Canonical
Tikitere,AREA-LINZ-2444,tikitere,Bay of Plenty Region,04,Suburb,false,Canonical
Tirohanga,AREA-LINZ-2657,tirohanga,Bay of Plenty Region,04,Rural locality,false,Canonical
Toatoa,AREA-LINZ-1704,toatoa,Bay of Plenty Region,04,Rural locality,false,Canonical
Tōrere,AREA-LINZ-1717,torere,Bay of Plenty Region,04,Rural locality,false,Canonical
Tumunui,AREA-LINZ-2265,tumunui,Bay of Plenty Region,04,Rural locality,false,Canonical
Utuhina,AREA-LINZ-8778,utuhina,Bay of Plenty Region,04,Suburb,false,Canonical
Victoria,AREA-LINZ-2263,victoria,Bay of Plenty Region,04,Suburb,false,Canonical
Waihau Bay,AREA-LINZ-2940,waihau bay,Bay of Plenty Region,04,Rural locality,false,Canonical
Waihi Beach,AREA-LINZ-2677,waihi beach,Bay of Plenty Region,04,Suburb,false,Canonical
Waimana,AREA-LINZ-1804,waimana,Bay of Plenty Region,04,Rural locality,false,Canonical
Waimangu,AREA-LINZ-2248,waimangu,Bay of Plenty Region,04,Rural locality,false,Canonical
Wainui,AREA-LINZ-2660,wainui,Bay of Plenty Region,04,Rural locality,false,Canonical
Waiohau,AREA-LINZ-2403,waiohau,Bay of Plenty Region,04,Rural locality,false,Canonical
Waiotahe,AREA-LINZ-2939,waiotahe,Bay of Plenty Region,04,Suburb,false,Canonical
Waiotahe Valley,AREA-LINZ-1824,waiotahe valley,Bay of Plenty Region,04,Rural locality,false,Canonical
Waioweka,AREA-LINZ-1820,waioweka,Bay of Plenty Region,04,Rural locality,false,Canonical
Waitao,AREA-LINZ-2665,waitao,Bay of Plenty Region,04,Rural locality,false,Canonical
Welcome Bay,AREA-LINZ-2666,welcome bay,Bay of Plenty Region,04,Suburb,false,Canonical
Western Heights,AREA-LINZ-2253,western heights,Bay of Plenty Region,04,Suburb,false,Canonical
Whakamārama,AREA-LINZ-2672,whakamarama,Bay of Plenty Region,04,Rural locality,false,Canonical
Whakarewarewa,AREA-LINZ-4077,whakarewarewa,Bay of Plenty Region,04,Suburb,false,Canonical
Whakatāne,AREA-LINZ-1920,whakatane,Bay of Plenty Region,04,Suburb,false,Canonical
Whanarua Bay,AREA-LINZ-8996,whanarua bay,Bay of Plenty Region,04,Rural locality,false,Canonical
White Pine Bush,AREA-LINZ-1938,white pine bush,Bay of Plenty Region,04,Rural locality,false,Canonical
Anaura Bay,AREA-LINZ-8892,anaura bay,Gisborne Region,05,Rural locality,false,Canonical
Awapuni,AREA-LINZ-2636,awapuni,Gisborne Region,05,Suburb,false,Canonical
Bartletts,AREA-LINZ-8893,bartletts,Gisborne Region,05,Rural locality,false,Canonical
Elgin,AREA-LINZ-340,elgin,Gisborne Region,05,Suburb,false,Canonical
Gisborne,AREA-LINZ-2639,gisborne,Gisborne Region,05,Suburb,false,Canonical
Gisborne Airport,AREA-LINZ-413,gisborne airport,Gisborne Region,05,Suburb,false,Canonical
Hangaroa,AREA-LINZ-8894,hangaroa,Gisborne Region,05,Rural locality,false,Canonical
Hicks Bay,AREA-LINZ-2642,hicks bay,Gisborne Region,05,Rural locality,false,Canonical
Inner Kaiti,AREA-LINZ-2638,inner kaiti,Gisborne Region,05,Suburb,false,Canonical
Kaiti,AREA-LINZ-8886,kaiti,Gisborne Region,05,Suburb,false,Canonical
Lytton West,AREA-LINZ-8887,lytton west,Gisborne Region,05,Suburb,false,Canonical
Mākaraka,AREA-LINZ-804,makaraka,Gisborne Region,05,Suburb,false,Canonical
Makauri,AREA-LINZ-8888,makauri,Gisborne Region,05,Suburb,false,Canonical
Makorori,AREA-LINZ-8895,makorori,Gisborne Region,05,Rural locality,false,Canonical
Mangapapa,AREA-LINZ-830,mangapapa,Gisborne Region,05,Suburb,false,Canonical
Mangatuna,AREA-LINZ-8977,mangatuna,Gisborne Region,05,Rural locality,false,Canonical
Manutūkē,AREA-LINZ-2637,manutuke,Gisborne Region,05,Rural locality,false,Canonical
Mātāwai,AREA-LINZ-886,matawai,Gisborne Region,05,Rural locality,false,Canonical
Matawhero,AREA-LINZ-8889,matawhero,Gisborne Region,05,Suburb,false,Canonical
Mātokitoki,AREA-LINZ-890,matokitoki,Gisborne Region,05,Rural locality,false,Canonical
Mōtū,AREA-LINZ-968,motu,Gisborne Region,05,Rural locality,false,Canonical
Muriwai,AREA-LINZ-2635,muriwai,Gisborne Region,05,Rural locality,false,Canonical
Ngātapa,AREA-LINZ-1033,ngatapa,Gisborne Region,05,Rural locality,false,Canonical
Okitū,AREA-LINZ-2643,okitu,Gisborne Region,05,Suburb,false,Canonical
Ormond,AREA-LINZ-1135,ormond,Gisborne Region,05,Rural locality,false,Canonical
Otoko,AREA-LINZ-8896,otoko,Gisborne Region,05,Rural locality,false,Canonical
Outer Kaiti,AREA-LINZ-1171,outer kaiti,Gisborne Region,05,Suburb,false,Canonical
Pātūtahi,AREA-LINZ-2224,patutahi,Gisborne Region,05,Suburb,false,Canonical
Pehiri,AREA-LINZ-8897,pehiri,Gisborne Region,05,Rural locality,false,Canonical
Rākauroa,AREA-LINZ-8898,rakauroa,Gisborne Region,05,Rural locality,false,Canonical
Raukūmara,AREA-LINZ-8899,raukumara,Gisborne Region,05,Rural locality,false,Canonical
Rere,AREA-LINZ-1391,rere,Gisborne Region,05,Rural locality,false,Canonical
Riverdale,AREA-LINZ-1406,riverdale,Gisborne Region,05,Suburb,false,Canonical
Ruatoria,AREA-LINZ-2646,ruatoria,Gisborne Region,05,Suburb,false,Canonical
Tahunga,AREA-LINZ-8900,tahunga,Gisborne Region,05,Rural locality,false,Canonical
Tamarau,AREA-LINZ-2640,tamarau,Gisborne Region,05,Suburb,false,Canonical
Tauwharepārae,AREA-LINZ-8901,tauwhareparae,Gisborne Region,05,Rural locality,false,Canonical
Te Araroa,AREA-LINZ-2941,te araroa,Gisborne Region,05,Rural locality,false,Canonical
Te Hāpara,AREA-LINZ-1622,te hapara,Gisborne Region,05,Suburb,false,Canonical
Te Karaka,AREA-LINZ-1625,te karaka,Gisborne Region,05,Suburb,false,Canonical
Te Puia Springs,AREA-LINZ-2644,te puia springs,Gisborne Region,05,Rural locality,false,Canonical
Tikitiki,AREA-LINZ-2651,tikitiki,Gisborne Region,05,Rural locality,false,Canonical
Tiniroto,AREA-LINZ-2267,tiniroto,Gisborne Region,05,Rural locality,false,Canonical
Tokomaru Bay,AREA-LINZ-2647,tokomaru bay,Gisborne Region,05,Rural locality,false,Canonical
Tolaga Bay,AREA-LINZ-2645,tolaga bay,Gisborne Region,05,Rural locality,false,Canonical
Waerengaahika,AREA-LINZ-8890,waerengaahika,Gisborne Region,05,Suburb,false,Canonical
Waerengaokurī,AREA-LINZ-8902,waerengaokuri,Gisborne Region,05,Rural locality,false,Canonical
Waihīrere,AREA-LINZ-8891,waihirere,Gisborne Region,05,Suburb,false,Canonical
Waikura Valley,AREA-LINZ-8903,waikura valley,Gisborne Region,05,Rural locality,false,Canonical
Waimatā,AREA-LINZ-8904,waimata,Gisborne Region,05,Rural locality,false,Canonical
Waingake,AREA-LINZ-8905,waingake,Gisborne Region,05,Rural locality,false,Canonical
Wainui,AREA-LINZ-2648,wainui,Gisborne Region,05,Suburb,false,Canonical
Waipaoa,AREA-LINZ-8906,waipaoa,Gisborne Region,05,Rural locality,false,Canonical
Waipiro,AREA-LINZ-8907,waipiro,Gisborne Region,05,Rural locality,false,Canonical
Waituhi,AREA-LINZ-8908,waituhi,Gisborne Region,05,Suburb,false,Canonical
Whangara,AREA-LINZ-8909,whangara,Gisborne Region,05,Rural locality,false,Canonical
Wharekōpae,AREA-LINZ-8910,wharekopae,Gisborne Region,05,Rural locality,false,Canonical
Whatatutu,AREA-LINZ-1932,whatatutu,Gisborne Region,05,Rural locality,false,Canonical
Whataupoko,AREA-LINZ-1933,whataupoko,Gisborne Region,05,Suburb,false,Canonical
Ahuriri,AREA-LINZ-2610,ahuriri,Hawke's Bay Region,06,Suburb,false,Canonical
Ākina,AREA-LINZ-14,akina,Hawke's Bay Region,06,Suburb,false,Canonical
Aramoana,AREA-LINZ-2602,aramoana,Hawke's Bay Region,06,Rural locality,false,Canonical
Argyll,AREA-LINZ-49,argyll,Hawke's Bay Region,06,Rural locality,false,Canonical
Ashley Clinton,AREA-LINZ-60,ashley clinton,Hawke's Bay Region,06,Rural locality,false,Canonical
Awatoto,AREA-LINZ-2617,awatoto,Hawke's Bay Region,06,Suburb,false,Canonical
Bay View,AREA-LINZ-2620,bay view,Hawke's Bay Region,06,Suburb,false,Canonical
Blackhead,AREA-LINZ-2608,blackhead,Hawke's Bay Region,06,Rural locality,false,Canonical
Bluff Hill,AREA-LINZ-2614,bluff hill,Hawke's Bay Region,06,Suburb,false,Canonical
Bridge Pa,AREA-LINZ-153,bridge pa,Hawke's Bay Region,06,Rural locality,false,Canonical
Camberley,AREA-LINZ-189,camberley,Hawke's Bay Region,06,Suburb,false,Canonical
Clifton,AREA-LINZ-2615,clifton,Hawke's Bay Region,06,Rural locality,false,Canonical
Clive,AREA-LINZ-2611,clive,Hawke's Bay Region,06,Suburb,false,Canonical
Crownthorpe,AREA-LINZ-2043,crownthorpe,Hawke's Bay Region,06,Rural locality,false,Canonical
Dartmoor,AREA-LINZ-284,dartmoor,Hawke's Bay Region,06,Rural locality,false,Canonical
Elsthorpe,AREA-LINZ-2607,elsthorpe,Hawke's Bay Region,06,Rural locality,false,Canonical
Eskdale,AREA-LINZ-2625,eskdale,Hawke's Bay Region,06,Rural locality,false,Canonical
Fernhill,AREA-LINZ-2154,fernhill,Hawke's Bay Region,06,Rural locality,false,Canonical
Flaxmere,AREA-LINZ-389,flaxmere,Hawke's Bay Region,06,Suburb,false,Canonical
Flemington,AREA-LINZ-2040,flemington,Hawke's Bay Region,06,Rural locality,false,Canonical
Frasertown,AREA-LINZ-2037,frasertown,Hawke's Bay Region,06,Rural locality,false,Canonical
Frimley,AREA-LINZ-402,frimley,Hawke's Bay Region,06,Suburb,false,Canonical
Glengarry,AREA-LINZ-428,glengarry,Hawke's Bay Region,06,Rural locality,false,Canonical
Greenmeadows,AREA-LINZ-468,greenmeadows,Hawke's Bay Region,06,Suburb,false,Canonical
Hastings,AREA-LINZ-8800,hastings,Hawke's Bay Region,06,Suburb,false,Canonical
Hatuma,AREA-LINZ-507,hatuma,Hawke's Bay Region,06,Rural locality,false,Canonical
Haumoana,AREA-LINZ-2616,haumoana,Hawke's Bay Region,06,Suburb,false,Canonical
Havelock North,AREA-LINZ-509,havelock north,Hawke's Bay Region,06,Suburb,false,Canonical
Hospital Hill,AREA-LINZ-576,hospital hill,Hawke's Bay Region,06,Suburb,false,Canonical
Jervoistown,AREA-LINZ-614,jervoistown,Hawke's Bay Region,06,Suburb,false,Canonical
Kahurānaki,AREA-LINZ-620,kahuranaki,Hawke's Bay Region,06,Rural locality,false,Canonical
Kairākau,AREA-LINZ-2603,kairakau,Hawke's Bay Region,06,Rural locality,false,Canonical
Karamū,AREA-LINZ-660,karamu,Hawke's Bay Region,06,Rural locality,false,Canonical
Kererū,AREA-LINZ-2022,kereru,Hawke's Bay Region,06,Rural locality,false,Canonical
Kotemaori,AREA-LINZ-2621,kotemaori,Hawke's Bay Region,06,Rural locality,false,Canonical
Kuripapango,AREA-LINZ-2020,kuripapango,Hawke's Bay Region,06,Rural locality,false,Canonical
Longlands,AREA-LINZ-766,longlands,Hawke's Bay Region,06,Suburb,false,Canonical
Māhia,AREA-LINZ-2634,mahia,Hawke's Bay Region,06,Rural locality,false,Canonical
Mahora,AREA-LINZ-794,mahora,Hawke's Bay Region,06,Suburb,false,Canonical
Mangaorapa,AREA-LINZ-827,mangaorapa,Hawke's Bay Region,06,Rural locality,false,Canonical
Mangateretere,AREA-LINZ-1692,mangateretere,Hawke's Bay Region,06,Rural locality,false,Canonical
Maraekākaho,AREA-LINZ-851,maraekakaho,Hawke's Bay Region,06,Rural locality,false,Canonical
Maraenui,AREA-LINZ-852,maraenui,Hawke's Bay Region,06,Suburb,false,Canonical
Maraetotara,AREA-LINZ-854,maraetotara,Hawke's Bay Region,06,Rural locality,false,Canonical
Marewa,AREA-LINZ-859,marewa,Hawke's Bay Region,06,Suburb,false,Canonical
Mayfair,AREA-LINZ-903,mayfair,Hawke's Bay Region,06,Suburb,false,Canonical
Meeanee,AREA-LINZ-911,meeanee,Hawke's Bay Region,06,Suburb,false,Canonical
Mohaka,AREA-LINZ-8877,mohaka,Hawke's Bay Region,06,Rural locality,false,Canonical
Mōrere,AREA-LINZ-958,morere,Hawke's Bay Region,06,Rural locality,false,Canonical
Napier Airport,AREA-LINZ-2626,napier airport,Hawke's Bay Region,06,Suburb,false,Canonical
Napier Port,AREA-LINZ-2618,napier port,Hawke's Bay Region,06,Suburb,false,Canonical
Napier South,AREA-LINZ-2619,napier south,Hawke's Bay Region,06,Suburb,false,Canonical
Ngamahango,AREA-LINZ-3980,ngamahango,Hawke's Bay Region,06,Rural locality,false,Canonical
Nūhaka,AREA-LINZ-2624,nuhaka,Hawke's Bay Region,06,Rural locality,false,Canonical
Ocean Beach,AREA-LINZ-2605,ocean beach,Hawke's Bay Region,06,Rural locality,false,Canonical
Ōhuka,AREA-LINZ-1086,ohuka,Hawke's Bay Region,06,Rural locality,false,Canonical
Omahu,AREA-LINZ-2283,omahu,Hawke's Bay Region,06,Rural locality,false,Canonical
Ōmakere,AREA-LINZ-2609,omakere,Hawke's Bay Region,06,Rural locality,false,Canonical
Onekawa,AREA-LINZ-1108,onekawa,Hawke's Bay Region,06,Suburb,false,Canonical
Ongaonga,AREA-LINZ-1111,ongaonga,Hawke's Bay Region,06,Rural locality,false,Canonical
Ōtamauri,AREA-LINZ-1150,otamauri,Hawke's Bay Region,06,Rural locality,false,Canonical
Ōtāne,AREA-LINZ-1152,otane,Hawke's Bay Region,06,Suburb,false,Canonical
Ōueroa,AREA-LINZ-1170,oueroa,Hawke's Bay Region,06,Rural locality,false,Canonical
Pakipaki,AREA-LINZ-1186,pakipaki,Hawke's Bay Region,06,Rural locality,false,Canonical
Pakowhai,AREA-LINZ-1189,pakowhai,Hawke's Bay Region,06,Rural locality,false,Canonical
Pandora,AREA-LINZ-2630,pandora,Hawke's Bay Region,06,Suburb,false,Canonical
Parkvale,AREA-LINZ-1220,parkvale,Hawke's Bay Region,06,Suburb,false,Canonical
Pātoka,AREA-LINZ-1227,patoka,Hawke's Bay Region,06,Rural locality,false,Canonical
Pirimai,AREA-LINZ-1260,pirimai,Hawke's Bay Region,06,Suburb,false,Canonical
Poraiti,AREA-LINZ-2632,poraiti,Hawke's Bay Region,06,Suburb,false,Canonical
Pōrangahau,AREA-LINZ-4104,porangahau,Hawke's Bay Region,06,Rural locality,false,Canonical
Poukawa,AREA-LINZ-2227,poukawa,Hawke's Bay Region,06,Rural locality,false,Canonical
Pourērere,AREA-LINZ-2606,pourerere,Hawke's Bay Region,06,Rural locality,false,Canonical
Pūkahu,AREA-LINZ-1298,pukahu,Hawke's Bay Region,06,Rural locality,false,Canonical
Pukehamoamoa,AREA-LINZ-2376,pukehamoamoa,Hawke's Bay Region,06,Rural locality,false,Canonical
Puketapu,AREA-LINZ-2281,puketapu,Hawke's Bay Region,06,Rural locality,false,Canonical
Puketitiri,AREA-LINZ-1324,puketitiri,Hawke's Bay Region,06,Rural locality,false,Canonical
Putere,AREA-LINZ-2231,putere,Hawke's Bay Region,06,Rural locality,false,Canonical
Pūtōrino,AREA-LINZ-2629,putorino,Hawke's Bay Region,06,Rural locality,false,Canonical
Raukawa,AREA-LINZ-2280,raukawa,Hawke's Bay Region,06,Rural locality,false,Canonical
Raupunga,AREA-LINZ-2628,raupunga,Hawke's Bay Region,06,Rural locality,false,Canonical
Raureka,AREA-LINZ-1378,raureka,Hawke's Bay Region,06,Suburb,false,Canonical
Rissington,AREA-LINZ-1405,rissington,Hawke's Bay Region,06,Rural locality,false,Canonical
Roys Hill,AREA-LINZ-1445,roys hill,Hawke's Bay Region,06,Rural locality,false,Canonical
Ruakituri,AREA-LINZ-2237,ruakituri,Hawke's Bay Region,06,Rural locality,false,Canonical
Saint Leonards,AREA-LINZ-1526,saint leonards,Hawke's Bay Region,06,Suburb,false,Canonical
Sherenden,AREA-LINZ-1485,sherenden,Hawke's Bay Region,06,Rural locality,false,Canonical
Taharua,AREA-LINZ-2002,taharua,Hawke's Bay Region,06,Rural locality,false,Canonical
Takapau,AREA-LINZ-1576,takapau,Hawke's Bay Region,06,Suburb,false,Canonical
Tamatea,AREA-LINZ-1579,tamatea,Hawke's Bay Region,06,Suburb,false,Canonical
Tangoio,AREA-LINZ-2623,tangoio,Hawke's Bay Region,06,Rural locality,false,Canonical
Taradale,AREA-LINZ-1591,taradale,Hawke's Bay Region,06,Suburb,false,Canonical
Tarawera,AREA-LINZ-1593,tarawera,Hawke's Bay Region,06,Rural locality,false,Canonical
Te Awa,AREA-LINZ-2612,te awa,Hawke's Bay Region,06,Suburb,false,Canonical
Te Awanga,AREA-LINZ-2613,te awanga,Hawke's Bay Region,06,Suburb,false,Canonical
Te Haroto,AREA-LINZ-2271,te haroto,Hawke's Bay Region,06,Rural locality,false,Canonical
Te Hauke,AREA-LINZ-1991,te hauke,Hawke's Bay Region,06,Rural locality,false,Canonical
Te Onepu,AREA-LINZ-1635,te onepu,Hawke's Bay Region,06,Rural locality,false,Canonical
Te Pōhue,AREA-LINZ-1988,te pohue,Hawke's Bay Region,06,Rural locality,false,Canonical
Tikokino,AREA-LINZ-1680,tikokino,Hawke's Bay Region,06,Rural locality,false,Canonical
Tōmoana,AREA-LINZ-1714,tomoana,Hawke's Bay Region,06,Suburb,false,Canonical
Tuai,AREA-LINZ-2266,tuai,Hawke's Bay Region,06,Rural locality,false,Canonical
Tuki Tuki,AREA-LINZ-1734,tuki tuki,Hawke's Bay Region,06,Rural locality,false,Canonical
Tūtira,AREA-LINZ-2627,tutira,Hawke's Bay Region,06,Rural locality,false,Canonical
Twyford,AREA-LINZ-1745,twyford,Hawke's Bay Region,06,Rural locality,false,Canonical
Waimārama,AREA-LINZ-2604,waimarama,Hawke's Bay Region,06,Rural locality,false,Canonical
Waiohiki,AREA-LINZ-1821,waiohiki,Hawke's Bay Region,06,Rural locality,false,Canonical
Waipatu,AREA-LINZ-1832,waipatu,Hawke's Bay Region,06,Rural locality,false,Canonical
Waipawa,AREA-LINZ-1833,waipawa,Hawke's Bay Region,06,Suburb,false,Canonical
Waipukurau,AREA-LINZ-2261,waipukurau,Hawke's Bay Region,06,Suburb,false,Canonical
Waipunga,AREA-LINZ-1836,waipunga,Hawke's Bay Region,06,Rural locality,false,Canonical
Wairoa,AREA-LINZ-2622,wairoa,Hawke's Bay Region,06,Suburb,false,Canonical
Waiwhare,AREA-LINZ-2402,waiwhare,Hawke's Bay Region,06,Rural locality,false,Canonical
Wallingford,AREA-LINZ-1877,wallingford,Hawke's Bay Region,06,Rural locality,false,Canonical
Wanstead,AREA-LINZ-4039,wanstead,Hawke's Bay Region,06,Rural locality,false,Canonical
Westshore,AREA-LINZ-2631,westshore,Hawke's Bay Region,06,Suburb,false,Canonical
Whakakī,AREA-LINZ-2942,whakaki,Hawke's Bay Region,06,Rural locality,false,Canonical
Whakatu,AREA-LINZ-1921,whakatu,Hawke's Bay Region,06,Rural locality,false,Canonical
Whanawhana,AREA-LINZ-1923,whanawhana,Hawke's Bay Region,06,Rural locality,false,Canonical
Woolwich,AREA-LINZ-1974,woolwich,Hawke's Bay Region,06,Suburb,false,Canonical
Ahititi,AREA-LINZ-7,ahititi,Taranaki Region,07,Rural locality,false,Canonical
Alton,AREA-LINZ-24,alton,Taranaki Region,07,Rural locality,false,Canonical
Ararata,AREA-LINZ-2745,ararata,Taranaki Region,07,Rural locality,false,Canonical
Auroa,AREA-LINZ-68,auroa,Taranaki Region,07,Rural locality,false,Canonical
Awatuna,AREA-LINZ-88,awatuna,Taranaki Region,07,Rural locality,false,Canonical
Bell Block,AREA-LINZ-2053,bell block,Taranaki Region,07,Suburb,false,Canonical
Bird Road,AREA-LINZ-127,bird road,Taranaki Region,07,Rural locality,false,Canonical
Blagdon,AREA-LINZ-136,blagdon,Taranaki Region,07,Suburb,false,Canonical
Brixton,AREA-LINZ-156,brixton,Taranaki Region,07,Rural locality,false,Canonical
Brooklands,AREA-LINZ-164,brooklands,Taranaki Region,07,Suburb,false,Canonical
Burgess Park,AREA-LINZ-2047,burgess park,Taranaki Region,07,Rural locality,false,Canonical
Cardiff,AREA-LINZ-2735,cardiff,Taranaki Region,07,Rural locality,false,Canonical
Douglas,AREA-LINZ-301,douglas,Taranaki Region,07,Rural locality,false,Canonical
Egmont Village,AREA-LINZ-2299,egmont village,Taranaki Region,07,Rural locality,false,Canonical
Eltham,AREA-LINZ-343,eltham,Taranaki Region,07,Suburb,false,Canonical
Everett Park,AREA-LINZ-357,everett park,Taranaki Region,07,Rural locality,false,Canonical
Ferndale,AREA-LINZ-377,ferndale,Taranaki Region,07,Suburb,false,Canonical
Fitzroy,AREA-LINZ-2155,fitzroy,Taranaki Region,07,Suburb,false,Canonical
Frankleigh Park,AREA-LINZ-398,frankleigh park,Taranaki Region,07,Suburb,false,Canonical
Glen Avon,AREA-LINZ-420,glen avon,Taranaki Region,07,Suburb,false,Canonical
Hāwera,AREA-LINZ-513,hawera,Taranaki Region,07,Suburb,false,Canonical
Highlands Park,AREA-LINZ-1689,highlands park,Taranaki Region,07,Suburb,false,Canonical
Hillsborough,AREA-LINZ-2347,hillsborough,Taranaki Region,07,Rural locality,false,Canonical
Huinga,AREA-LINZ-580,huinga,Taranaki Region,07,Rural locality,false,Canonical
Huirangi,AREA-LINZ-581,huirangi,Taranaki Region,07,Rural locality,false,Canonical
Huiroa,AREA-LINZ-582,huiroa,Taranaki Region,07,Rural locality,false,Canonical
Hurdon,AREA-LINZ-2030,hurdon,Taranaki Region,07,Suburb,false,Canonical
Hurford,AREA-LINZ-590,hurford,Taranaki Region,07,Rural locality,false,Canonical
Hurleyville,AREA-LINZ-2175,hurleyville,Taranaki Region,07,Rural locality,false,Canonical
Hurworth,AREA-LINZ-2295,hurworth,Taranaki Region,07,Rural locality,false,Canonical
Inglewood,AREA-LINZ-601,inglewood,Taranaki Region,07,Suburb,false,Canonical
Kaimata,AREA-LINZ-631,kaimata,Taranaki Region,07,Rural locality,false,Canonical
Kaimiro,AREA-LINZ-632,kaimiro,Taranaki Region,07,Rural locality,false,Canonical
Kaitake,AREA-LINZ-641,kaitake,Taranaki Region,07,Rural locality,false,Canonical
Kakaramea,AREA-LINZ-650,kakaramea,Taranaki Region,07,Rural locality,false,Canonical
Kaponga,AREA-LINZ-655,kaponga,Taranaki Region,07,Rural locality,false,Canonical
Kapuni,AREA-LINZ-657,kapuni,Taranaki Region,07,Rural locality,false,Canonical
Kaupokonui,AREA-LINZ-666,kaupokonui,Taranaki Region,07,Rural locality,false,Canonical
Kiore,AREA-LINZ-701,kiore,Taranaki Region,07,Rural locality,false,Canonical
Korito,AREA-LINZ-720,korito,Taranaki Region,07,Rural locality,false,Canonical
Koru,AREA-LINZ-702,koru,Taranaki Region,07,Rural locality,false,Canonical
Lepperton,AREA-LINZ-745,lepperton,Taranaki Region,07,Rural locality,false,Canonical
Lower Vogeltown,AREA-LINZ-774,lower vogeltown,Taranaki Region,07,Suburb,false,Canonical
Lynmouth,AREA-LINZ-780,lynmouth,Taranaki Region,07,Suburb,false,Canonical
Maata,AREA-LINZ-783,maata,Taranaki Region,07,Rural locality,false,Canonical
Mahoe,AREA-LINZ-2010,mahoe,Taranaki Region,07,Rural locality,false,Canonical
Makahu,AREA-LINZ-802,makahu,Taranaki Region,07,Rural locality,false,Canonical
Manaia,AREA-LINZ-816,manaia,Taranaki Region,07,Suburb,false,Canonical
Mangamingi,AREA-LINZ-2203,mangamingi,Taranaki Region,07,Rural locality,false,Canonical
Mangatoki,AREA-LINZ-835,mangatoki,Taranaki Region,07,Rural locality,false,Canonical
Mangawhio,AREA-LINZ-2014,mangawhio,Taranaki Region,07,Rural locality,false,Canonical
Mangorei,AREA-LINZ-2419,mangorei,Taranaki Region,07,Rural locality,false,Canonical
Manutahi,AREA-LINZ-846,manutahi,Taranaki Region,07,Rural locality,false,Canonical
Marfell,AREA-LINZ-860,marfell,Taranaki Region,07,Suburb,false,Canonical
Matapu,AREA-LINZ-879,matapu,Taranaki Region,07,Rural locality,false,Canonical
Matau,AREA-LINZ-883,matau,Taranaki Region,07,Rural locality,false,Canonical
Matemateaonga,AREA-LINZ-2744,matemateaonga,Taranaki Region,07,Rural locality,false,Canonical
Merrilands,AREA-LINZ-920,merrilands,Taranaki Region,07,Suburb,false,Canonical
Midhirst,AREA-LINZ-928,midhirst,Taranaki Region,07,Rural locality,false,Canonical
Mimi,AREA-LINZ-937,mimi,Taranaki Region,07,Rural locality,false,Canonical
Moeawatea,AREA-LINZ-944,moeawatea,Taranaki Region,07,Rural locality,false,Canonical
Mōhakatino,AREA-LINZ-947,mohakatino,Taranaki Region,07,Rural locality,false,Canonical
Mokoia,AREA-LINZ-948,mokoia,Taranaki Region,07,Rural locality,false,Canonical
Motunui,AREA-LINZ-973,motunui,Taranaki Region,07,Rural locality,false,Canonical
Moturoa,AREA-LINZ-6570,moturoa,Taranaki Region,07,Suburb,false,Canonical
Mount Messenger,AREA-LINZ-987,mount messenger,Taranaki Region,07,Rural locality,false,Canonical
New Plymouth,AREA-LINZ-8805,new plymouth,Taranaki Region,07,Suburb,false,Canonical
New Plymouth Airport,AREA-LINZ-1013,new plymouth airport,Taranaki Region,07,Rural locality,false,Canonical
Newall,AREA-LINZ-1693,newall,Taranaki Region,07,Rural locality,false,Canonical
Ngaere,AREA-LINZ-1021,ngaere,Taranaki Region,07,Rural locality,false,Canonical
Ngamatapouri,AREA-LINZ-2215,ngamatapouri,Taranaki Region,07,Rural locality,false,Canonical
Norfolk,AREA-LINZ-1047,norfolk,Taranaki Region,07,Rural locality,false,Canonical
Normanby,AREA-LINZ-1050,normanby,Taranaki Region,07,Suburb,false,Canonical
Ōakura,AREA-LINZ-1070,oakura,Taranaki Region,07,Suburb,false,Canonical
Oaonui,AREA-LINZ-1072,oaonui,Taranaki Region,07,Rural locality,false,Canonical
Ohangai,AREA-LINZ-2738,ohangai,Taranaki Region,07,Rural locality,false,Canonical
Ohawe,AREA-LINZ-1083,ohawe,Taranaki Region,07,Rural locality,false,Canonical
Okaiawa,AREA-LINZ-1088,okaiawa,Taranaki Region,07,Rural locality,false,Canonical
Ōkato,AREA-LINZ-2950,okato,Taranaki Region,07,Suburb,false,Canonical
Okoki,AREA-LINZ-1094,okoki,Taranaki Region,07,Rural locality,false,Canonical
Omata,AREA-LINZ-2951,omata,Taranaki Region,07,Rural locality,false,Canonical
Onaero,AREA-LINZ-1103,onaero,Taranaki Region,07,Rural locality,false,Canonical
Ōpunake,AREA-LINZ-2948,opunake,Taranaki Region,07,Suburb,false,Canonical
Otakeho,AREA-LINZ-1147,otakeho,Taranaki Region,07,Rural locality,false,Canonical
Paraite,AREA-LINZ-1206,paraite,Taranaki Region,07,Rural locality,false,Canonical
Pātea,AREA-LINZ-1224,patea,Taranaki Region,07,Suburb,false,Canonical
Pembroke,AREA-LINZ-1235,pembroke,Taranaki Region,07,Rural locality,false,Canonical
Pihama,AREA-LINZ-1246,pihama,Taranaki Region,07,Rural locality,false,Canonical
Pitone,AREA-LINZ-1262,pitone,Taranaki Region,07,Rural locality,false,Canonical
Pohokura,AREA-LINZ-1269,pohokura,Taranaki Region,07,Rural locality,false,Canonical
Port Taranaki,AREA-LINZ-1289,port taranaki,Taranaki Region,07,Suburb,false,Canonical
Pukeiti,AREA-LINZ-1299,pukeiti,Taranaki Region,07,Rural locality,false,Canonical
Pukengahu,AREA-LINZ-1312,pukengahu,Taranaki Region,07,Rural locality,false,Canonical
Pungarehu,AREA-LINZ-1332,pungarehu,Taranaki Region,07,Rural locality,false,Canonical
Puniwhakau,AREA-LINZ-1334,puniwhakau,Taranaki Region,07,Rural locality,false,Canonical
Purangi,AREA-LINZ-1336,purangi,Taranaki Region,07,Rural locality,false,Canonical
Rahotu,AREA-LINZ-1352,rahotu,Taranaki Region,07,Rural locality,false,Canonical
Ratapiko,AREA-LINZ-2000,ratapiko,Taranaki Region,07,Rural locality,false,Canonical
Rawhitiroa,AREA-LINZ-2279,rawhitiroa,Taranaki Region,07,Rural locality,false,Canonical
Ridgewood,AREA-LINZ-1399,ridgewood,Taranaki Region,07,Suburb,false,Canonical
Riverlea,AREA-LINZ-1409,riverlea,Taranaki Region,07,Rural locality,false,Canonical
Sentry Hill,AREA-LINZ-1480,sentry hill,Taranaki Region,07,Rural locality,false,Canonical
Spotswood,AREA-LINZ-1512,spotswood,Taranaki Region,07,Suburb,false,Canonical
Strandon,AREA-LINZ-1538,strandon,Taranaki Region,07,Suburb,false,Canonical
Stratford,AREA-LINZ-1539,stratford,Taranaki Region,07,Suburb,false,Canonical
Strathmore,AREA-LINZ-1541,strathmore,Taranaki Region,07,Rural locality,false,Canonical
Tarata,AREA-LINZ-2244,tarata,Taranaki Region,07,Rural locality,false,Canonical
Tariki,AREA-LINZ-1595,tariki,Taranaki Region,07,Rural locality,false,Canonical
Tarurutangi,AREA-LINZ-1599,tarurutangi,Taranaki Region,07,Rural locality,false,Canonical
Tataraimaka,AREA-LINZ-1600,tataraimaka,Taranaki Region,07,Rural locality,false,Canonical
Te Kiri,AREA-LINZ-1627,te kiri,Taranaki Region,07,Rural locality,false,Canonical
Te Popo,AREA-LINZ-1638,te popo,Taranaki Region,07,Rural locality,false,Canonical
Te Roti,AREA-LINZ-1646,te roti,Taranaki Region,07,Rural locality,false,Canonical
Te Wera,AREA-LINZ-1650,te wera,Taranaki Region,07,Rural locality,false,Canonical
Tikorangi,AREA-LINZ-1681,tikorangi,Taranaki Region,07,Rural locality,false,Canonical
Tokaora,AREA-LINZ-1709,tokaora,Taranaki Region,07,Rural locality,false,Canonical
Toko,AREA-LINZ-1711,toko,Taranaki Region,07,Rural locality,false,Canonical
Tongapōrutu,AREA-LINZ-1715,tongaporutu,Taranaki Region,07,Rural locality,false,Canonical
Tututawa,AREA-LINZ-1743,tututawa,Taranaki Region,07,Rural locality,false,Canonical
Upper Vogeltown,AREA-LINZ-1755,upper vogeltown,Taranaki Region,07,Suburb,false,Canonical
Urenui,AREA-LINZ-1757,urenui,Taranaki Region,07,Rural locality,false,Canonical
Uruti,AREA-LINZ-1758,uruti,Taranaki Region,07,Rural locality,false,Canonical
Vogeltown,AREA-LINZ-1764,vogeltown,Taranaki Region,07,Suburb,false,Canonical
Waiinu Beach,AREA-LINZ-2245,waiinu beach,Taranaki Region,07,Rural locality,false,Canonical
Waiiti,AREA-LINZ-1780,waiiti,Taranaki Region,07,Rural locality,false,Canonical
Waiongana,AREA-LINZ-1823,waiongana,Taranaki Region,07,Rural locality,false,Canonical
Waitara,AREA-LINZ-4115,waitara,Taranaki Region,07,Suburb,false,Canonical
Waitōtara,AREA-LINZ-2257,waitotara,Taranaki Region,07,Rural locality,false,Canonical
Waitui,AREA-LINZ-1861,waitui,Taranaki Region,07,Rural locality,false,Canonical
Waiwhakaiho,AREA-LINZ-2256,waiwhakaiho,Taranaki Region,07,Suburb,false,Canonical
Warea,AREA-LINZ-2949,warea,Taranaki Region,07,Rural locality,false,Canonical
Waverley,AREA-LINZ-2400,waverley,Taranaki Region,07,Suburb,false,Canonical
Welbourn,AREA-LINZ-1896,welbourn,Taranaki Region,07,Suburb,false,Canonical
Westown,AREA-LINZ-1915,westown,Taranaki Region,07,Suburb,false,Canonical
Whalers Gate,AREA-LINZ-2397,whalers gate,Taranaki Region,07,Suburb,false,Canonical
Ākitio,AREA-LINZ-2590,akitio,Manawatū-Whanganui Region,08,Rural locality,false,Canonical
Alfredton,AREA-LINZ-17,alfredton,Manawatū-Whanganui Region,08,Rural locality,false,Canonical
Aokautere,AREA-LINZ-30,aokautere,Manawatū-Whanganui Region,08,Rural locality,false,Canonical
Aorangi,AREA-LINZ-31,aorangi,Manawatū-Whanganui Region,08,Rural locality,false,Canonical
Aotuhia,AREA-LINZ-32,aotuhia,Manawatū-Whanganui Region,08,Rural locality,false,Canonical
Āpiti,AREA-LINZ-34,apiti,Manawatū-Whanganui Region,08,Rural locality,false,Canonical
Aramoho,AREA-LINZ-38,aramoho,Manawatū-Whanganui Region,08,Suburb,false,Canonical
Ashhurst,AREA-LINZ-63,ashhurst,Manawatū-Whanganui Region,08,Suburb,false,Canonical
Aukopae,AREA-LINZ-8679,aukopae,Manawatū-Whanganui Region,08,Suburb,false,Canonical
Awahuri,AREA-LINZ-75,awahuri,Manawatū-Whanganui Region,08,Rural locality,false,Canonical
Awapuni,AREA-LINZ-83,awapuni,Manawatū-Whanganui Region,08,Suburb,false,Canonical
Bainesse,AREA-LINZ-8979,bainesse,Manawatū-Whanganui Region,08,Rural locality,false,Canonical
Ballance,AREA-LINZ-96,ballance,Manawatū-Whanganui Region,08,Rural locality,false,Canonical
Bastia Hill,AREA-LINZ-724,bastia hill,Manawatū-Whanganui Region,08,Suburb,false,Canonical
Beaconsfield,AREA-LINZ-104,beaconsfield,Manawatū-Whanganui Region,08,Rural locality,false,Canonical
Brunswick,AREA-LINZ-2049,brunswick,Manawatū-Whanganui Region,08,Rural locality,false,Canonical
Bulls,AREA-LINZ-2048,bulls,Manawatū-Whanganui Region,08,Suburb,false,Canonical
Bunnythorpe,AREA-LINZ-178,bunnythorpe,Manawatū-Whanganui Region,08,Rural locality,false,Canonical
Castlecliff,AREA-LINZ-203,castlecliff,Manawatū-Whanganui Region,08,Suburb,false,Canonical
Cheltenham,AREA-LINZ-222,cheltenham,Manawatū-Whanganui Region,08,Rural locality,false,Canonical
Cloverlea,AREA-LINZ-241,cloverlea,Manawatū-Whanganui Region,08,Suburb,false,Canonical
College Estate,AREA-LINZ-250,college estate,Manawatū-Whanganui Region,08,Suburb,false,Canonical
Colyton,AREA-LINZ-251,colyton,Manawatū-Whanganui Region,08,Rural locality,false,Canonical
Crofton,AREA-LINZ-8789,crofton,Manawatū-Whanganui Region,08,Suburb,false,Canonical
Dannevirke,AREA-LINZ-2042,dannevirke,Manawatū-Whanganui Region,08,Suburb,false,Canonical
Durie Hill,AREA-LINZ-305,durie hill,Manawatū-Whanganui Region,08,Suburb,false,Canonical
Eketāhuna,AREA-LINZ-336,eketahuna,Manawatū-Whanganui Region,08,Suburb,false,Canonical
Erua,AREA-LINZ-353,erua,Manawatū-Whanganui Region,08,Rural locality,false,Canonical
Feilding,AREA-LINZ-373,feilding,Manawatū-Whanganui Region,08,Suburb,false,Canonical
Fitzherbert,AREA-LINZ-382,fitzherbert,Manawatū-Whanganui Region,08,Suburb,false,Canonical
Fordell,AREA-LINZ-2156,fordell,Manawatū-Whanganui Region,08,Rural locality,false,Canonical
Foxton,AREA-LINZ-2038,foxton,Manawatū-Whanganui Region,08,Suburb,false,Canonical
Foxton Beach,AREA-LINZ-397,foxton beach,Manawatū-Whanganui Region,08,Suburb,false,Canonical
Glen Oroua,AREA-LINZ-2162,glen oroua,Manawatū-Whanganui Region,08,Rural locality,false,Canonical
Gonville,AREA-LINZ-4061,gonville,Manawatū-Whanganui Region,08,Suburb,false,Canonical
Halcombe,AREA-LINZ-487,halcombe,Manawatū-Whanganui Region,08,Rural locality,false,Canonical
Herbertville,AREA-LINZ-2596,herbertville,Manawatū-Whanganui Region,08,Rural locality,false,Canonical
Highbury,AREA-LINZ-534,highbury,Manawatū-Whanganui Region,08,Suburb,false,Canonical
Hikumutu,AREA-LINZ-8684,hikumutu,Manawatū-Whanganui Region,08,Suburb,false,Canonical
Himatangi,AREA-LINZ-2296,himatangi,Manawatū-Whanganui Region,08,Rural locality,false,Canonical
Himatangi Beach,AREA-LINZ-2169,himatangi beach,Manawatū-Whanganui Region,08,Rural locality,false,Canonical
Hokio Beach,AREA-LINZ-2032,hokio beach,Manawatū-Whanganui Region,08,Rural locality,false,Canonical
Hokowhitu,AREA-LINZ-559,hokowhitu,Manawatū-Whanganui Region,08,Suburb,false,Canonical
Horopito,AREA-LINZ-573,horopito,Manawatū-Whanganui Region,08,Rural locality,false,Canonical
Hunterville,AREA-LINZ-2031,hunterville,Manawatū-Whanganui Region,08,Rural locality,false,Canonical
Ihuraua,AREA-LINZ-595,ihuraua,Manawatū-Whanganui Region,08,Rural locality,false,Canonical
Kai Iwi,AREA-LINZ-621,kai iwi,Manawatū-Whanganui Region,08,Rural locality,false,Canonical
Kairanga,AREA-LINZ-637,kairanga,Manawatū-Whanganui Region,08,Rural locality,false,Canonical
Kaitawa,AREA-LINZ-8669,kaitawa,Manawatū-Whanganui Region,08,Suburb,false,Canonical
Kaitieke,AREA-LINZ-642,kaitieke,Manawatū-Whanganui Region,08,Rural locality,false,Canonical
Kaitoke,AREA-LINZ-2026,kaitoke,Manawatū-Whanganui Region,08,Rural locality,false,Canonical
Kaiwhaiki,AREA-LINZ-646,kaiwhaiki,Manawatū-Whanganui Region,08,Rural locality,false,Canonical
Kakahi,AREA-LINZ-1690,kakahi,Manawatū-Whanganui Region,08,Rural locality,false,Canonical
Kakatahi,AREA-LINZ-651,kakatahi,Manawatū-Whanganui Region,08,Rural locality,false,Canonical
Kelvin Grove,AREA-LINZ-673,kelvin grove,Manawatū-Whanganui Region,08,Suburb,false,Canonical
Kimbolton,AREA-LINZ-1691,kimbolton,Manawatū-Whanganui Region,08,Rural locality,false,Canonical
Kirikau,AREA-LINZ-8680,kirikau,Manawatū-Whanganui Region,08,Suburb,false,Canonical
Kiwitea,AREA-LINZ-705,kiwitea,Manawatū-Whanganui Region,08,Rural locality,false,Canonical
Kohuratahi,AREA-LINZ-700,kohuratahi,Manawatū-Whanganui Region,08,Rural locality,false,Canonical
Koitiata,AREA-LINZ-708,koitiata,Manawatū-Whanganui Region,08,Rural locality,false,Canonical
Koputaroa,AREA-LINZ-719,koputaroa,Manawatū-Whanganui Region,08,Rural locality,false,Canonical
Kuku,AREA-LINZ-8974,kuku,Manawatū-Whanganui Region,08,Rural locality,false,Canonical
Kumeroa,AREA-LINZ-727,kumeroa,Manawatū-Whanganui Region,08,Rural locality,false,Canonical
Lake Alice,AREA-LINZ-2190,lake alice,Manawatū-Whanganui Region,08,Rural locality,false,Canonical
Levin,AREA-LINZ-2198,levin,Manawatū-Whanganui Region,08,Suburb,false,Canonical
Linton,AREA-LINZ-2016,linton,Manawatū-Whanganui Region,08,Suburb,false,Canonical
Longburn,AREA-LINZ-2199,longburn,Manawatū-Whanganui Region,08,Rural locality,false,Canonical
Maewa,AREA-LINZ-8998,maewa,Manawatū-Whanganui Region,08,Suburb,false,Canonical
Maharahara,AREA-LINZ-873,maharahara,Manawatū-Whanganui Region,08,Rural locality,false,Canonical
Makakahi,AREA-LINZ-8681,makakahi,Manawatū-Whanganui Region,08,Suburb,false,Canonical
Makuri,AREA-LINZ-8671,makuri,Manawatū-Whanganui Region,08,Suburb,false,Canonical
Manakau,AREA-LINZ-2293,manakau,Manawatū-Whanganui Region,08,Rural locality,false,Canonical
Mangamahu,AREA-LINZ-823,mangamahu,Manawatū-Whanganui Region,08,Rural locality,false,Canonical
Mangamutu,AREA-LINZ-8667,mangamutu,Manawatū-Whanganui Region,08,Suburb,false,Canonical
Mangatainoka,AREA-LINZ-8668,mangatainoka,Manawatū-Whanganui Region,08,Suburb,false,Canonical
Mangaweka,AREA-LINZ-2204,mangaweka,Manawatū-Whanganui Region,08,Rural locality,false,Canonical
Maniaiti / Benneydale,AREA-LINZ-118,maniaiti / benneydale,Manawatū-Whanganui Region,08,Rural locality,false,Canonical
Manunui,AREA-LINZ-842,manunui,Manawatū-Whanganui Region,08,Suburb,false,Canonical
Marton,AREA-LINZ-2291,marton,Manawatū-Whanganui Region,08,Suburb,false,Canonical
Marybank,AREA-LINZ-2207,marybank,Manawatū-Whanganui Region,08,Rural locality,false,Canonical
Matahiwi,AREA-LINZ-872,matahiwi,Manawatū-Whanganui Region,08,Rural locality,false,Canonical
Matamau,AREA-LINZ-878,matamau,Manawatū-Whanganui Region,08,Rural locality,false,Canonical
Matiere,AREA-LINZ-888,matiere,Manawatū-Whanganui Region,08,Rural locality,false,Canonical
Milson,AREA-LINZ-935,milson,Manawatū-Whanganui Region,08,Suburb,false,Canonical
Moawhango,AREA-LINZ-826,moawhango,Manawatū-Whanganui Region,08,Rural locality,false,Canonical
Moutoa,AREA-LINZ-993,moutoa,Manawatū-Whanganui Region,08,Rural locality,false,Canonical
Muhunoa East,AREA-LINZ-998,muhunoa east,Manawatū-Whanganui Region,08,Rural locality,false,Canonical
Newbury,AREA-LINZ-1015,newbury,Manawatū-Whanganui Region,08,Rural locality,false,Canonical
Ngapuke,AREA-LINZ-1029,ngapuke,Manawatū-Whanganui Region,08,Rural locality,false,Canonical
Norsewood,AREA-LINZ-1052,norsewood,Manawatū-Whanganui Region,08,Rural locality,false,Canonical
Ohakea,AREA-LINZ-1077,ohakea,Manawatū-Whanganui Region,08,Suburb,false,Canonical
Ohakune,AREA-LINZ-1079,ohakune,Manawatū-Whanganui Region,08,Suburb,false,Canonical
Ōhau,AREA-LINZ-2370,ohau,Manawatū-Whanganui Region,08,Rural locality,false,Canonical
Ōhingaiti,AREA-LINZ-1084,ohingaiti,Manawatū-Whanganui Region,08,Rural locality,false,Canonical
Ōhura,AREA-LINZ-1087,ohura,Manawatū-Whanganui Region,08,Suburb,false,Canonical
Okoia,AREA-LINZ-1093,okoia,Manawatū-Whanganui Region,08,Suburb,false,Canonical
Ongarue,AREA-LINZ-8683,ongarue,Manawatū-Whanganui Region,08,Suburb,false,Canonical
Opiki,AREA-LINZ-1116,opiki,Manawatū-Whanganui Region,08,Rural locality,false,Canonical
Orautoha,AREA-LINZ-1128,orautoha,Manawatū-Whanganui Region,08,Rural locality,false,Canonical
Ormondville,AREA-LINZ-1136,ormondville,Manawatū-Whanganui Region,08,Rural locality,false,Canonical
Otamatea,AREA-LINZ-2221,otamatea,Manawatū-Whanganui Region,08,Suburb,false,Canonical
Otangiwai,AREA-LINZ-1154,otangiwai,Manawatū-Whanganui Region,08,Rural locality,false,Canonical
Ōwhango,AREA-LINZ-2005,owhango,Manawatū-Whanganui Region,08,Rural locality,false,Canonical
Pahiatua,AREA-LINZ-2223,pahiatua,Manawatū-Whanganui Region,08,Suburb,false,Canonical
Pākaraka,AREA-LINZ-2011,pakaraka,Manawatū-Whanganui Region,08,Rural locality,false,Canonical
Palmerston North,AREA-LINZ-1193,palmerston north,Manawatū-Whanganui Region,08,Suburb,false,Canonical
Papaiti,AREA-LINZ-8685,papaiti,Manawatū-Whanganui Region,08,Suburb,false,Canonical
Papanui Junction,AREA-LINZ-1199,papanui junction,Manawatū-Whanganui Region,08,Rural locality,false,Canonical
Paparangi,AREA-LINZ-1200,paparangi,Manawatū-Whanganui Region,08,Rural locality,false,Canonical
Papatawa,AREA-LINZ-1202,papatawa,Manawatū-Whanganui Region,08,Rural locality,false,Canonical
Parewanui,AREA-LINZ-8871,parewanui,Manawatū-Whanganui Region,08,Suburb,false,Canonical
Parikino,AREA-LINZ-1215,parikino,Manawatū-Whanganui Region,08,Rural locality,false,Canonical
Parinui,AREA-LINZ-1216,parinui,Manawatū-Whanganui Region,08,Rural locality,false,Canonical
Pipiriki,AREA-LINZ-1256,pipiriki,Manawatū-Whanganui Region,08,Rural locality,false,Canonical
Pohangina,AREA-LINZ-1267,pohangina,Manawatū-Whanganui Region,08,Rural locality,false,Canonical
Pongaroa,AREA-LINZ-2600,pongaroa,Manawatū-Whanganui Region,08,Rural locality,false,Canonical
Poroutawhao,AREA-LINZ-1286,poroutawhao,Manawatū-Whanganui Region,08,Suburb,false,Canonical
Pukeokahu,AREA-LINZ-1314,pukeokahu,Manawatū-Whanganui Region,08,Rural locality,false,Canonical
Putiki,AREA-LINZ-1340,putiki,Manawatū-Whanganui Region,08,Suburb,false,Canonical
Raetihi,AREA-LINZ-1695,raetihi,Manawatū-Whanganui Region,08,Suburb,false,Canonical
Ranana,AREA-LINZ-1357,ranana,Manawatū-Whanganui Region,08,Rural locality,false,Canonical
Rangataua,AREA-LINZ-1361,rangataua,Manawatū-Whanganui Region,08,Rural locality,false,Canonical
Rangiotu,AREA-LINZ-1363,rangiotu,Manawatū-Whanganui Region,08,Rural locality,false,Canonical
Rangiwaea,AREA-LINZ-2742,rangiwaea,Manawatū-Whanganui Region,08,Rural locality,false,Canonical
Rangiwahia,AREA-LINZ-1369,rangiwahia,Manawatū-Whanganui Region,08,Rural locality,false,Canonical
Rātana,AREA-LINZ-2234,ratana,Manawatū-Whanganui Region,08,Rural locality,false,Canonical
Raurimu,AREA-LINZ-1376,raurimu,Manawatū-Whanganui Region,08,Rural locality,false,Canonical
Rere Tāruke,AREA-LINZ-2236,rere taruke,Manawatū-Whanganui Region,08,Rural locality,false,Canonical
Rongotea,AREA-LINZ-1428,rongotea,Manawatū-Whanganui Region,08,Rural locality,false,Canonical
Roslyn,AREA-LINZ-1435,roslyn,Manawatū-Whanganui Region,08,Suburb,false,Canonical
Ruatiti,AREA-LINZ-1996,ruatiti,Manawatū-Whanganui Region,08,Rural locality,false,Canonical
Saint Johns Hill,AREA-LINZ-1994,saint johns hill,Manawatū-Whanganui Region,08,Suburb,false,Canonical
Sanson,AREA-LINZ-1467,sanson,Manawatū-Whanganui Region,08,Suburb,false,Canonical
Santoft,AREA-LINZ-2381,santoft,Manawatū-Whanganui Region,08,Rural locality,false,Canonical
Shannon,AREA-LINZ-4042,shannon,Manawatū-Whanganui Region,08,Suburb,false,Canonical
Springvale,AREA-LINZ-1520,springvale,Manawatū-Whanganui Region,08,Suburb,false,Canonical
Tahorapāroa,AREA-LINZ-1560,tahoraparoa,Manawatū-Whanganui Region,08,Rural locality,false,Canonical
Taihape,AREA-LINZ-2750,taihape,Manawatū-Whanganui Region,08,Suburb,false,Canonical
Takaro,AREA-LINZ-1578,takaro,Manawatū-Whanganui Region,08,Suburb,false,Canonical
Tāngarākau,AREA-LINZ-1583,tangarakau,Manawatū-Whanganui Region,08,Rural locality,false,Canonical
Tangimoana,AREA-LINZ-2410,tangimoana,Manawatū-Whanganui Region,08,Suburb,false,Canonical
Tangiwai,AREA-LINZ-1992,tangiwai,Manawatū-Whanganui Region,08,Rural locality,false,Canonical
Taoroa Junction,AREA-LINZ-1586,taoroa junction,Manawatū-Whanganui Region,08,Rural locality,false,Canonical
Taringamotu,AREA-LINZ-1596,taringamotu,Manawatū-Whanganui Region,08,Rural locality,false,Canonical
Taumarunui,AREA-LINZ-1604,taumarunui,Manawatū-Whanganui Region,08,Suburb,false,Canonical
Taunoka,AREA-LINZ-1606,taunoka,Manawatū-Whanganui Region,08,Rural locality,false,Canonical
Tawhero,AREA-LINZ-1615,tawhero,Manawatū-Whanganui Region,08,Suburb,false,Canonical
Te Uri,AREA-LINZ-1648,te uri,Manawatū-Whanganui Region,08,Rural locality,false,Canonical
Terrace End,AREA-LINZ-1659,terrace end,Manawatū-Whanganui Region,08,Suburb,false,Canonical
Tiakitahuna,AREA-LINZ-2268,tiakitahuna,Manawatū-Whanganui Region,08,Rural locality,false,Canonical
Tīraumea,AREA-LINZ-1698,tiraumea,Manawatū-Whanganui Region,08,Rural locality,false,Canonical
Tohunga Junction,AREA-LINZ-1706,tohunga junction,Manawatū-Whanganui Region,08,Rural locality,false,Canonical
Tokirima,AREA-LINZ-1710,tokirima,Manawatū-Whanganui Region,08,Rural locality,false,Canonical
Tokomaru,AREA-LINZ-1712,tokomaru,Manawatū-Whanganui Region,08,Rural locality,false,Canonical
Tongariro,AREA-LINZ-2344,tongariro,Manawatū-Whanganui Region,08,Rural locality,false,Canonical
Turakina,AREA-LINZ-4040,turakina,Manawatū-Whanganui Region,08,Rural locality,false,Canonical
Turitea,AREA-LINZ-2264,turitea,Manawatū-Whanganui Region,08,Rural locality,false,Canonical
Upokongaro,AREA-LINZ-1748,upokongaro,Manawatū-Whanganui Region,08,Rural locality,false,Canonical
Utiku,AREA-LINZ-8661,utiku,Manawatū-Whanganui Region,08,Suburb,false,Canonical
Waikawa Beach,AREA-LINZ-2247,waikawa beach,Manawatū-Whanganui Region,08,Rural locality,false,Canonical
Waimarino,AREA-LINZ-2286,waimarino,Manawatū-Whanganui Region,08,Rural locality,false,Canonical
Waimiha,AREA-LINZ-1812,waimiha,Manawatū-Whanganui Region,08,Rural locality,false,Canonical
Waione,AREA-LINZ-1822,waione,Manawatū-Whanganui Region,08,Rural locality,false,Canonical
Waiouru,AREA-LINZ-1826,waiouru,Manawatū-Whanganui Region,08,Suburb,false,Canonical
Waiouru Military Area,AREA-LINZ-4072,waiouru military area,Manawatū-Whanganui Region,08,Rural locality,false,Canonical
Waitaangata,AREA-LINZ-1844,waitaangata,Manawatū-Whanganui Region,08,Rural locality,false,Canonical
Waitahora,AREA-LINZ-2394,waitahora,Manawatū-Whanganui Region,08,Rural locality,false,Canonical
Waitārere,AREA-LINZ-2259,waitarere,Manawatū-Whanganui Region,08,Suburb,false,Canonical
Waitārere Beach,AREA-LINZ-8646,waitarere beach,Manawatū-Whanganui Region,08,Suburb,false,Canonical
Waituna West,AREA-LINZ-1863,waituna west,Manawatū-Whanganui Region,08,Rural locality,false,Canonical
Weber,AREA-LINZ-1894,weber,Manawatū-Whanganui Region,08,Rural locality,false,Canonical
West End,AREA-LINZ-1904,west end,Manawatū-Whanganui Region,08,Suburb,false,Canonical
Westbrook,AREA-LINZ-8818,westbrook,Manawatū-Whanganui Region,08,Suburb,false,Canonical
Westmere,AREA-LINZ-2252,westmere,Manawatū-Whanganui Region,08,Suburb,false,Canonical
Whakarongo,AREA-LINZ-1919,whakarongo,Manawatū-Whanganui Region,08,Suburb,false,Canonical
Whangaehu,AREA-LINZ-2398,whangaehu,Manawatū-Whanganui Region,08,Rural locality,false,Canonical
Whangamōmona,AREA-LINZ-1925,whangamomona,Manawatū-Whanganui Region,08,Rural locality,false,Canonical
Whanganui,AREA-LINZ-8811,whanganui,Manawatū-Whanganui Region,08,Suburb,false,Canonical
Whanganui Airport,AREA-LINZ-2255,whanganui airport,Manawatū-Whanganui Region,08,Suburb,false,Canonical
Whanganui East,AREA-LINZ-1881,whanganui east,Manawatū-Whanganui Region,08,Suburb,false,Canonical
Woodville,AREA-LINZ-1972,woodville,Manawatū-Whanganui Region,08,Suburb,false,Canonical
Admiral Hill,AREA-LINZ-4007,admiral hill,Wellington Region,09,Rural locality,false,Canonical
Ahiaruhe,AREA-LINZ-5,ahiaruhe,Wellington Region,09,Rural locality,false,Canonical
Ahikōuka,AREA-LINZ-6,ahikouka,Wellington Region,09,Rural locality,false,Canonical
Akatarawa,AREA-LINZ-11,akatarawa,Wellington Region,09,Suburb,false,Canonical
Akatarawa Valley,AREA-LINZ-12,akatarawa valley,Wellington Region,09,Suburb,false,Canonical
Alicetown,AREA-LINZ-19,alicetown,Wellington Region,09,Suburb,false,Canonical
Aotea,AREA-LINZ-8655,aotea,Wellington Region,09,Suburb,false,Canonical
Aro Valley,AREA-LINZ-51,aro valley,Wellington Region,09,Suburb,false,Canonical
Ascot Park,AREA-LINZ-55,ascot park,Wellington Region,09,Suburb,false,Canonical
Avalon,AREA-LINZ-69,avalon,Wellington Region,09,Suburb,false,Canonical
Belmont,AREA-LINZ-115,belmont,Wellington Region,09,Suburb,false,Canonical
Berhampore,AREA-LINZ-119,berhampore,Wellington Region,09,Suburb,false,Canonical
Bideford,AREA-LINZ-122,bideford,Wellington Region,09,Rural locality,false,Canonical
Birchville,AREA-LINZ-124,birchville,Wellington Region,09,Suburb,false,Canonical
Blairlogie,AREA-LINZ-137,blairlogie,Wellington Region,09,Rural locality,false,Canonical
Blue Mountains,AREA-LINZ-142,blue mountains,Wellington Region,09,Rural locality,false,Canonical
Boulcott,AREA-LINZ-147,boulcott,Wellington Region,09,Suburb,false,Canonical
Breaker Bay,AREA-LINZ-151,breaker bay,Wellington Region,09,Suburb,false,Canonical
Broadmeadows,AREA-LINZ-159,broadmeadows,Wellington Region,09,Suburb,false,Canonical
Brooklyn,AREA-LINZ-165,brooklyn,Wellington Region,09,Suburb,false,Canonical
Brown Owl,AREA-LINZ-168,brown owl,Wellington Region,09,Suburb,false,Canonical
Camborne,AREA-LINZ-190,camborne,Wellington Region,09,Suburb,false,Canonical
Cannons Creek,AREA-LINZ-192,cannons creek,Wellington Region,09,Suburb,false,Canonical
Cape Palliser,AREA-LINZ-2588,cape palliser,Wellington Region,09,Rural locality,false,Canonical
Carrington,AREA-LINZ-198,carrington,Wellington Region,09,Rural locality,false,Canonical
Carterton,AREA-LINZ-199,carterton,Wellington Region,09,Suburb,false,Canonical
Castlepoint,AREA-LINZ-2591,castlepoint,Wellington Region,09,Rural locality,false,Canonical
Churton Park,AREA-LINZ-225,churton park,Wellington Region,09,Suburb,false,Canonical
Clareville,AREA-LINZ-229,clareville,Wellington Region,09,Suburb,false,Canonical
Clouston Park,AREA-LINZ-2044,clouston park,Wellington Region,09,Suburb,false,Canonical
Colonial Knob,AREA-LINZ-8934,colonial knob,Wellington Region,09,Rural locality,false,Canonical
Craigs Flat,AREA-LINZ-264,craigs flat,Wellington Region,09,Suburb,false,Canonical
Crofton Downs,AREA-LINZ-267,crofton downs,Wellington Region,09,Suburb,false,Canonical
Dalefield,AREA-LINZ-277,dalefield,Wellington Region,09,Rural locality,false,Canonical
Days Bay,AREA-LINZ-2579,days bay,Wellington Region,09,Suburb,false,Canonical
Dyerville,AREA-LINZ-2150,dyerville,Wellington Region,09,Rural locality,false,Canonical
East Taratahi,AREA-LINZ-326,east taratahi,Wellington Region,09,Rural locality,false,Canonical
Eastbourne,AREA-LINZ-2581,eastbourne,Wellington Region,09,Suburb,false,Canonical
Ebdentown,AREA-LINZ-328,ebdentown,Wellington Region,09,Suburb,false,Canonical
Elderslea,AREA-LINZ-337,elderslea,Wellington Region,09,Suburb,false,Canonical
Elsdon,AREA-LINZ-342,elsdon,Wellington Region,09,Suburb,false,Canonical
Epuni,AREA-LINZ-350,epuni,Wellington Region,09,Suburb,false,Canonical
Fairfield,AREA-LINZ-362,fairfield,Wellington Region,09,Suburb,false,Canonical
Featherston,AREA-LINZ-372,featherston,Wellington Region,09,Suburb,false,Canonical
Flat Point,AREA-LINZ-2592,flat point,Wellington Region,09,Rural locality,false,Canonical
Gladstone,AREA-LINZ-416,gladstone,Wellington Region,09,Rural locality,false,Canonical
Glenburn,AREA-LINZ-4041,glenburn,Wellington Region,09,Rural locality,false,Canonical
Glenside,AREA-LINZ-440,glenside,Wellington Region,09,Suburb,false,Canonical
Gracefield,AREA-LINZ-458,gracefield,Wellington Region,09,Suburb,false,Canonical
Grenada North,AREA-LINZ-472,grenada north,Wellington Region,09,Suburb,false,Canonical
Grenada Village,AREA-LINZ-473,grenada village,Wellington Region,09,Suburb,false,Canonical
Greytown,AREA-LINZ-477,greytown,Wellington Region,09,Suburb,false,Canonical
Harbour View,AREA-LINZ-500,harbour view,Wellington Region,09,Suburb,false,Canonical
Hataitai,AREA-LINZ-2570,hataitai,Wellington Region,09,Suburb,false,Canonical
Hautere,AREA-LINZ-508,hautere,Wellington Region,09,Rural locality,false,Canonical
Haywards,AREA-LINZ-516,haywards,Wellington Region,09,Suburb,false,Canonical
Heretaunga,AREA-LINZ-528,heretaunga,Wellington Region,09,Suburb,false,Canonical
Highbury,AREA-LINZ-533,highbury,Wellington Region,09,Suburb,false,Canonical
Hinakura,AREA-LINZ-2586,hinakura,Wellington Region,09,Rural locality,false,Canonical
Homebush,AREA-LINZ-562,homebush,Wellington Region,09,Suburb,false,Canonical
Homewood,AREA-LINZ-2593,homewood,Wellington Region,09,Rural locality,false,Canonical
Hongoeka,AREA-LINZ-8935,hongoeka,Wellington Region,09,Suburb,false,Canonical
Horokiwi,AREA-LINZ-572,horokiwi,Wellington Region,09,Suburb,false,Canonical
Houghton Bay,AREA-LINZ-577,houghton bay,Wellington Region,09,Suburb,false,Canonical
Hutt Central,AREA-LINZ-8803,hutt central,Wellington Region,09,Suburb,false,Canonical
Island Bay,AREA-LINZ-606,island bay,Wellington Region,09,Suburb,false,Canonical
Johnsonville,AREA-LINZ-615,johnsonville,Wellington Region,09,Suburb,false,Canonical
Judgeford,AREA-LINZ-619,judgeford,Wellington Region,09,Rural locality,false,Canonical
Kahutara,AREA-LINZ-4004,kahutara,Wellington Region,09,Rural locality,false,Canonical
Kaitoke,AREA-LINZ-1191,kaitoke,Wellington Region,09,Suburb,false,Canonical
Kaituna,AREA-LINZ-644,kaituna,Wellington Region,09,Rural locality,false,Canonical
Kaiwharawhara,AREA-LINZ-647,kaiwharawhara,Wellington Region,09,Suburb,false,Canonical
Kaiwhata,AREA-LINZ-2597,kaiwhata,Wellington Region,09,Rural locality,false,Canonical
Karaka Bays,AREA-LINZ-2568,karaka bays,Wellington Region,09,Suburb,false,Canonical
Karori,AREA-LINZ-661,karori,Wellington Region,09,Suburb,false,Canonical
Kelburn,AREA-LINZ-670,kelburn,Wellington Region,09,Suburb,false,Canonical
Kelson,AREA-LINZ-672,kelson,Wellington Region,09,Suburb,false,Canonical
Kenepuru,AREA-LINZ-8936,kenepuru,Wellington Region,09,Suburb,false,Canonical
Khandallah,AREA-LINZ-686,khandallah,Wellington Region,09,Suburb,false,Canonical
Kilbirnie,AREA-LINZ-690,kilbirnie,Wellington Region,09,Suburb,false,Canonical
Kingsley Heights,AREA-LINZ-695,kingsley heights,Wellington Region,09,Suburb,false,Canonical
Kingston,AREA-LINZ-696,kingston,Wellington Region,09,Suburb,false,Canonical
Kiriwhakapapa,AREA-LINZ-703,kiriwhakapapa,Wellington Region,09,Rural locality,false,Canonical
Kokotau,AREA-LINZ-712,kokotau,Wellington Region,09,Rural locality,false,Canonical
Kōpuaranga,AREA-LINZ-717,kopuaranga,Wellington Region,09,Rural locality,false,Canonical
Korokoro,AREA-LINZ-721,korokoro,Wellington Region,09,Suburb,false,Canonical
Kourarau Hill,AREA-LINZ-2189,kourarau hill,Wellington Region,09,Rural locality,false,Canonical
Kuripuni,AREA-LINZ-8770,kuripuni,Wellington Region,09,Suburb,false,Canonical
Lake Ferry,AREA-LINZ-2943,lake ferry,Wellington Region,09,Rural locality,false,Canonical
Lake Reserve,AREA-LINZ-4002,lake reserve,Wellington Region,09,Rural locality,false,Canonical
Lansdowne,AREA-LINZ-735,lansdowne,Wellington Region,09,Suburb,false,Canonical
Longbush,AREA-LINZ-764,longbush,Wellington Region,09,Rural locality,false,Canonical
Lowry Bay,AREA-LINZ-2574,lowry bay,Wellington Region,09,Suburb,false,Canonical
Lyall Bay,AREA-LINZ-778,lyall bay,Wellington Region,09,Suburb,false,Canonical
Māhina Bay,AREA-LINZ-2576,mahina bay,Wellington Region,09,Suburb,false,Canonical
Maidstone,AREA-LINZ-796,maidstone,Wellington Region,09,Suburb,false,Canonical
Mākara,AREA-LINZ-803,makara,Wellington Region,09,Suburb,false,Canonical
Mākara Beach,AREA-LINZ-2945,makara beach,Wellington Region,09,Suburb,false,Canonical
Mangapakeha,AREA-LINZ-829,mangapakeha,Wellington Region,09,Rural locality,false,Canonical
Mangaroa,AREA-LINZ-8692,mangaroa,Wellington Region,09,Suburb,false,Canonical
Manor Park,AREA-LINZ-839,manor park,Wellington Region,09,Suburb,false,Canonical
Maoribank,AREA-LINZ-849,maoribank,Wellington Region,09,Suburb,false,Canonical
Martinborough,AREA-LINZ-866,martinborough,Wellington Region,09,Suburb,false,Canonical
Masterton,AREA-LINZ-870,masterton,Wellington Region,09,Suburb,false,Canonical
Matahiwi,AREA-LINZ-874,matahiwi,Wellington Region,09,Rural locality,false,Canonical
Mataikona,AREA-LINZ-2594,mataikona,Wellington Region,09,Rural locality,false,Canonical
Maungakōtukutuku,AREA-LINZ-893,maungakotukutuku,Wellington Region,09,Suburb,false,Canonical
Maungaraki,AREA-LINZ-896,maungaraki,Wellington Region,09,Suburb,false,Canonical
Maupuia,AREA-LINZ-2569,maupuia,Wellington Region,09,Suburb,false,Canonical
Mauriceville,AREA-LINZ-901,mauriceville,Wellington Region,09,Rural locality,false,Canonical
Maymorn,AREA-LINZ-8754,maymorn,Wellington Region,09,Suburb,false,Canonical
Melling,AREA-LINZ-912,melling,Wellington Region,09,Suburb,false,Canonical
Melrose,AREA-LINZ-913,melrose,Wellington Region,09,Suburb,false,Canonical
Mikimiki,AREA-LINZ-929,mikimiki,Wellington Region,09,Rural locality,false,Canonical
Miramar,AREA-LINZ-939,miramar,Wellington Region,09,Suburb,false,Canonical
Moa Point,AREA-LINZ-942,moa point,Wellington Region,09,Suburb,false,Canonical
Moera,AREA-LINZ-957,moera,Wellington Region,09,Suburb,false,Canonical
Moonshine Valley,AREA-LINZ-956,moonshine valley,Wellington Region,09,Rural locality,false,Canonical
Morison Bush,AREA-LINZ-962,morison bush,Wellington Region,09,Rural locality,false,Canonical
Mornington,AREA-LINZ-960,mornington,Wellington Region,09,Suburb,false,Canonical
Mount Bruce,AREA-LINZ-979,mount bruce,Wellington Region,09,Rural locality,false,Canonical
Mount Cook,AREA-LINZ-2730,mount cook,Wellington Region,09,Suburb,false,Canonical
Mount Holdsworth,AREA-LINZ-984,mount holdsworth,Wellington Region,09,Rural locality,false,Canonical
Mount Victoria,AREA-LINZ-997,mount victoria,Wellington Region,09,Suburb,false,Canonical
Naenae,AREA-LINZ-1003,naenae,Wellington Region,09,Suburb,false,Canonical
Newlands,AREA-LINZ-1017,newlands,Wellington Region,09,Suburb,false,Canonical
Newtown,AREA-LINZ-1020,newtown,Wellington Region,09,Suburb,false,Canonical
Ngāhape,AREA-LINZ-1023,ngahape,Wellington Region,09,Rural locality,false,Canonical
Ngaio,AREA-LINZ-1025,ngaio,Wellington Region,09,Suburb,false,Canonical
Ngaumu,AREA-LINZ-1036,ngaumu,Wellington Region,09,Rural locality,false,Canonical
Ngauranga,AREA-LINZ-1037,ngauranga,Wellington Region,09,Suburb,false,Canonical
Nikau Valley,AREA-LINZ-1043,nikau valley,Wellington Region,09,Suburb,false,Canonical
Normandale,AREA-LINZ-1051,normandale,Wellington Region,09,Suburb,false,Canonical
Northland,AREA-LINZ-1064,northland,Wellington Region,09,Suburb,false,Canonical
Ocean Beach,AREA-LINZ-2944,ocean beach,Wellington Region,09,Rural locality,false,Canonical
Ohariu,AREA-LINZ-1080,ohariu,Wellington Region,09,Suburb,false,Canonical
Ōpaki,AREA-LINZ-1113,opaki,Wellington Region,09,Rural locality,false,Canonical
Oriental Bay,AREA-LINZ-2572,oriental bay,Wellington Region,09,Suburb,false,Canonical
Otahome,AREA-LINZ-2598,otahome,Wellington Region,09,Rural locality,false,Canonical
Otaihanga,AREA-LINZ-1143,otaihanga,Wellington Region,09,Suburb,false,Canonical
Ōtaki,AREA-LINZ-4000,otaki,Wellington Region,09,Suburb,false,Canonical
Ōtaki Beach,AREA-LINZ-8647,otaki beach,Wellington Region,09,Suburb,false,Canonical
Ōwhiro Bay,AREA-LINZ-1177,owhiro bay,Wellington Region,09,Suburb,false,Canonical
Paekākāriki,AREA-LINZ-1180,paekakariki,Wellington Region,09,Suburb,false,Canonical
Paekākāriki Hill,AREA-LINZ-8937,paekakariki hill,Wellington Region,09,Rural locality,false,Canonical
Papakōwhai,AREA-LINZ-1195,papakowhai,Wellington Region,09,Suburb,false,Canonical
Paparangi,AREA-LINZ-1201,paparangi,Wellington Region,09,Suburb,false,Canonical
Papawai,AREA-LINZ-1205,papawai,Wellington Region,09,Rural locality,false,Canonical
Paraparaumu,AREA-LINZ-1209,paraparaumu,Wellington Region,09,Suburb,false,Canonical
Paraparaumu Beach,AREA-LINZ-1210,paraparaumu beach,Wellington Region,09,Suburb,false,Canonical
Paremata,AREA-LINZ-1213,paremata,Wellington Region,09,Suburb,false,Canonical
Parkvale,AREA-LINZ-1221,parkvale,Wellington Region,09,Rural locality,false,Canonical
Pāuatahanui,AREA-LINZ-1229,pauatahanui,Wellington Region,09,Rural locality,false,Canonical
Peka Peka,AREA-LINZ-1233,peka peka,Wellington Region,09,Rural locality,false,Canonical
Pencarrow Head,AREA-LINZ-2003,pencarrow head,Wellington Region,09,Suburb,false,Canonical
Petone,AREA-LINZ-1242,petone,Wellington Region,09,Suburb,false,Canonical
Pinehaven,AREA-LINZ-1251,pinehaven,Wellington Region,09,Suburb,false,Canonical
Pipitea,AREA-LINZ-1258,pipitea,Wellington Region,09,Suburb,false,Canonical
Pirinoa,AREA-LINZ-2415,pirinoa,Wellington Region,09,Rural locality,false,Canonical
Plimmerton,AREA-LINZ-1265,plimmerton,Wellington Region,09,Suburb,false,Canonical
Point Howard,AREA-LINZ-2575,point howard,Wellington Region,09,Suburb,false,Canonical
Ponatahi,AREA-LINZ-1278,ponatahi,Wellington Region,09,Rural locality,false,Canonical
Porirua City Centre,AREA-LINZ-1283,porirua city centre,Wellington Region,09,Suburb,false,Canonical
Pukerua Bay,AREA-LINZ-1317,pukerua bay,Wellington Region,09,Suburb,false,Canonical
Rangitūmau,AREA-LINZ-1367,rangitumau,Wellington Region,09,Rural locality,false,Canonical
Rānui,AREA-LINZ-8938,ranui,Wellington Region,09,Suburb,false,Canonical
Raumati Beach,AREA-LINZ-2947,raumati beach,Wellington Region,09,Suburb,false,Canonical
Raumati South,AREA-LINZ-1377,raumati south,Wellington Region,09,Suburb,false,Canonical
Reikorangi,AREA-LINZ-1390,reikorangi,Wellington Region,09,Rural locality,false,Canonical
Remutaka Hill,AREA-LINZ-1401,remutaka hill,Wellington Region,09,Rural locality,false,Canonical
Riversdale Beach,AREA-LINZ-2601,riversdale beach,Wellington Region,09,Rural locality,false,Canonical
Riverstone Terraces,AREA-LINZ-8643,riverstone terraces,Wellington Region,09,Suburb,false,Canonical
Rongotai,AREA-LINZ-1427,rongotai,Wellington Region,09,Suburb,false,Canonical
Roseneath,AREA-LINZ-2571,roseneath,Wellington Region,09,Suburb,false,Canonical
Ruakōkoputuna,AREA-LINZ-1448,ruakokoputuna,Wellington Region,09,Rural locality,false,Canonical
Seatoun,AREA-LINZ-2567,seatoun,Wellington Region,09,Suburb,false,Canonical
Seaview,AREA-LINZ-1475,seaview,Wellington Region,09,Suburb,false,Canonical
Silverstream,AREA-LINZ-1491,silverstream,Wellington Region,09,Suburb,false,Canonical
Solway,AREA-LINZ-1498,solway,Wellington Region,09,Suburb,false,Canonical
Sorrento Bay,AREA-LINZ-8874,sorrento bay,Wellington Region,09,Suburb,false,Canonical
South Featherston,AREA-LINZ-2240,south featherston,Wellington Region,09,Rural locality,false,Canonical
Southgate,AREA-LINZ-1508,southgate,Wellington Region,09,Suburb,false,Canonical
Stokes Valley,AREA-LINZ-1535,stokes valley,Wellington Region,09,Suburb,false,Canonical
Strathmore Park,AREA-LINZ-1542,strathmore park,Wellington Region,09,Suburb,false,Canonical
Stronvar,AREA-LINZ-1543,stronvar,Wellington Region,09,Rural locality,false,Canonical
Sunshine Bay,AREA-LINZ-2578,sunshine bay,Wellington Region,09,Suburb,false,Canonical
Taitā,AREA-LINZ-1570,taita,Wellington Region,09,Suburb,false,Canonical
Takapu Valley,AREA-LINZ-1577,takapu valley,Wellington Region,09,Suburb,false,Canonical
Takapūwāhia,AREA-LINZ-8870,takapuwahia,Wellington Region,09,Suburb,false,Canonical
Taumata Island,AREA-LINZ-1605,taumata island,Wellington Region,09,Rural locality,false,Canonical
Tauweru,AREA-LINZ-1609,tauweru,Wellington Region,09,Rural locality,false,Canonical
Tauwharenīkau,AREA-LINZ-2446,tauwharenikau,Wellington Region,09,Rural locality,false,Canonical
Tawa,AREA-LINZ-1610,tawa,Wellington Region,09,Suburb,false,Canonical
Te Aro,AREA-LINZ-1618,te aro,Wellington Region,09,Suburb,false,Canonical
Te Awaiti,AREA-LINZ-2585,te awaiti,Wellington Region,09,Rural locality,false,Canonical
Te Horo,AREA-LINZ-1624,te horo,Wellington Region,09,Rural locality,false,Canonical
Te Horo Beach,AREA-LINZ-8648,te horo beach,Wellington Region,09,Rural locality,false,Canonical
Te Mārua,AREA-LINZ-1633,te marua,Wellington Region,09,Suburb,false,Canonical
Te Ore Ore,AREA-LINZ-1636,te ore ore,Wellington Region,09,Suburb,false,Canonical
Te Wharau,AREA-LINZ-1652,te wharau,Wellington Region,09,Rural locality,false,Canonical
Te Whiti,AREA-LINZ-1653,te whiti,Wellington Region,09,Rural locality,false,Canonical
Thorndon,AREA-LINZ-1672,thorndon,Wellington Region,09,Suburb,false,Canonical
Timberlea,AREA-LINZ-1684,timberlea,Wellington Region,09,Suburb,false,Canonical
Tīnui,AREA-LINZ-1686,tinui,Wellington Region,09,Rural locality,false,Canonical
Tīnui Valley,AREA-LINZ-1687,tinui valley,Wellington Region,09,Rural locality,false,Canonical
Tirohanga,AREA-LINZ-1699,tirohanga,Wellington Region,09,Suburb,false,Canonical
Tītahi Bay,AREA-LINZ-1701,titahi bay,Wellington Region,09,Suburb,false,Canonical
Tora,AREA-LINZ-2589,tora,Wellington Region,09,Rural locality,false,Canonical
Tōtara Park,AREA-LINZ-1721,totara park,Wellington Region,09,Suburb,false,Canonical
Trentham,AREA-LINZ-1726,trentham,Wellington Region,09,Suburb,false,Canonical
Tuturumuri,AREA-LINZ-1742,tuturumuri,Wellington Region,09,Rural locality,false,Canonical
Upper Hutt Central,AREA-LINZ-8810,upper hutt central,Wellington Region,09,Suburb,false,Canonical
Upper Plain,AREA-LINZ-1753,upper plain,Wellington Region,09,Rural locality,false,Canonical
Vogeltown,AREA-LINZ-1763,vogeltown,Wellington Region,09,Suburb,false,Canonical
Wadestown,AREA-LINZ-1765,wadestown,Wellington Region,09,Suburb,false,Canonical
Waihakeke,AREA-LINZ-1773,waihakeke,Wellington Region,09,Rural locality,false,Canonical
Waikanae,AREA-LINZ-1785,waikanae,Wellington Region,09,Suburb,false,Canonical
Waikanae Beach,AREA-LINZ-1984,waikanae beach,Wellington Region,09,Suburb,false,Canonical
Waingawa,AREA-LINZ-1815,waingawa,Wellington Region,09,Rural locality,false,Canonical
Wainuiomata,AREA-LINZ-1818,wainuiomata,Wellington Region,09,Suburb,false,Canonical
Wainuiomata Coast,AREA-LINZ-2249,wainuiomata coast,Wellington Region,09,Rural locality,false,Canonical
Wainuioru,AREA-LINZ-1819,wainuioru,Wellington Region,09,Rural locality,false,Canonical
Waitangirua,AREA-LINZ-1852,waitangirua,Wellington Region,09,Suburb,false,Canonical
Waiwhetū,AREA-LINZ-1867,waiwhetu,Wellington Region,09,Suburb,false,Canonical
Wallaceville,AREA-LINZ-1876,wallaceville,Wellington Region,09,Suburb,false,Canonical
Waterloo,AREA-LINZ-1887,waterloo,Wellington Region,09,Suburb,false,Canonical
Wellington Central,AREA-LINZ-2573,wellington central,Wellington Region,09,Suburb,false,Canonical
Weraiti,AREA-LINZ-1901,weraiti,Wellington Region,09,Rural locality,false,Canonical
West Taratahi,AREA-LINZ-1909,west taratahi,Wellington Region,09,Rural locality,false,Canonical
Western Lake,AREA-LINZ-4003,western lake,Wellington Region,09,Rural locality,false,Canonical
Whakataki,AREA-LINZ-2599,whakataki,Wellington Region,09,Rural locality,false,Canonical
Whangaehu Valley,AREA-LINZ-1922,whangaehu valley,Wellington Region,09,Rural locality,false,Canonical
Whāngaimoana,AREA-LINZ-2583,whangaimoana,Wellington Region,09,Rural locality,false,Canonical
Whareama,AREA-LINZ-2595,whareama,Wellington Region,09,Rural locality,false,Canonical
Whitby,AREA-LINZ-2946,whitby,Wellington Region,09,Suburb,false,Canonical
White Rock,AREA-LINZ-2584,white rock,Wellington Region,09,Rural locality,false,Canonical
Whitemans Valley,AREA-LINZ-1937,whitemans valley,Wellington Region,09,Rural locality,false,Canonical
Wilton,AREA-LINZ-1947,wilton,Wellington Region,09,Suburb,false,Canonical
Woburn,AREA-LINZ-1959,woburn,Wellington Region,09,Suburb,false,Canonical
Woodridge,AREA-LINZ-1969,woodridge,Wellington Region,09,Suburb,false,Canonical
Woodside,AREA-LINZ-1970,woodside,Wellington Region,09,Rural locality,false,Canonical
York Bay,AREA-LINZ-2577,york bay,Wellington Region,09,Suburb,false,Canonical
Ahaura,AREA-LINZ-4,ahaura,West Coast Region,12,Rural locality,false,Canonical
Arahura Valley,AREA-LINZ-37,arahura valley,West Coast Region,12,Rural locality,false,Canonical
Arnold Valley,AREA-LINZ-2062,arnold valley,West Coast Region,12,Rural locality,false,Canonical
Atarau,AREA-LINZ-2069,atarau,West Coast Region,12,Rural locality,false,Canonical
Awatuna,AREA-LINZ-2071,awatuna,West Coast Region,12,Rural locality,false,Canonical
Barrytown,AREA-LINZ-2514,barrytown,West Coast Region,12,Rural locality,false,Canonical
Birchfield,AREA-LINZ-8946,birchfield,West Coast Region,12,Rural locality,false,Canonical
Blackball,AREA-LINZ-132,blackball,West Coast Region,12,Suburb,false,Canonical
Blacks Point,AREA-LINZ-8947,blacks point,West Coast Region,12,Rural locality,false,Canonical
Blaketown,AREA-LINZ-138,blaketown,West Coast Region,12,Suburb,false,Canonical
Blue Spur,AREA-LINZ-143,blue spur,West Coast Region,12,Suburb,false,Canonical
Bruce Bay,AREA-LINZ-8858,bruce bay,West Coast Region,12,Rural locality,false,Canonical
Camerons,AREA-LINZ-2510,camerons,West Coast Region,12,Suburb,false,Canonical
Cape Foulwind,AREA-LINZ-2517,cape foulwind,West Coast Region,12,Rural locality,false,Canonical
Carters Beach,AREA-LINZ-2518,carters beach,West Coast Region,12,Suburb,false,Canonical
Charleston,AREA-LINZ-2143,charleston,West Coast Region,12,Rural locality,false,Canonical
Coal Creek,AREA-LINZ-244,coal creek,West Coast Region,12,Suburb,false,Canonical
Cobden,AREA-LINZ-2511,cobden,West Coast Region,12,Suburb,false,Canonical
Corbyvale,AREA-LINZ-8948,corbyvale,West Coast Region,12,Rural locality,false,Canonical
Cronadun,AREA-LINZ-8949,cronadun,West Coast Region,12,Rural locality,false,Canonical
Denniston,AREA-LINZ-2089,denniston,West Coast Region,12,Rural locality,false,Canonical
Dillmanstown,AREA-LINZ-2148,dillmanstown,West Coast Region,12,Suburb,false,Canonical
Dobson,AREA-LINZ-294,dobson,West Coast Region,12,Suburb,false,Canonical
Dunganville,AREA-LINZ-2307,dunganville,West Coast Region,12,Rural locality,false,Canonical
Dunollie,AREA-LINZ-8765,dunollie,West Coast Region,12,Suburb,false,Canonical
Fairdown,AREA-LINZ-8950,fairdown,West Coast Region,12,Rural locality,false,Canonical
Fox Glacier,AREA-LINZ-2097,fox glacier,West Coast Region,12,Rural locality,false,Canonical
Fox River,AREA-LINZ-8783,fox river,West Coast Region,12,Rural locality,false,Canonical
Franz Josef/Waiau,AREA-LINZ-4045,franz josef/waiau,West Coast Region,12,Rural locality,false,Canonical
Gladstone,AREA-LINZ-8707,gladstone,West Coast Region,12,Suburb,false,Canonical
Granity,AREA-LINZ-2520,granity,West Coast Region,12,Suburb,false,Canonical
Greymouth,AREA-LINZ-476,greymouth,West Coast Region,12,Suburb,false,Canonical
Haast,AREA-LINZ-2105,haast,West Coast Region,12,Rural locality,false,Canonical
Harihari,AREA-LINZ-2164,harihari,West Coast Region,12,Rural locality,false,Canonical
Haupiri,AREA-LINZ-2106,haupiri,West Coast Region,12,Rural locality,false,Canonical
Hector,AREA-LINZ-520,hector,West Coast Region,12,Suburb,false,Canonical
Hochstetter,AREA-LINZ-2170,hochstetter,West Coast Region,12,Rural locality,false,Canonical
Hohonu,AREA-LINZ-2348,hohonu,West Coast Region,12,Rural locality,false,Canonical
Hokitika,AREA-LINZ-556,hokitika,West Coast Region,12,Suburb,false,Canonical
Ikamatua,AREA-LINZ-596,ikamatua,West Coast Region,12,Rural locality,false,Canonical
Inangahua,AREA-LINZ-2177,inangahua,West Coast Region,12,Rural locality,false,Canonical
Inchbonnie,AREA-LINZ-4070,inchbonnie,West Coast Region,12,Rural locality,false,Canonical
Jackson Bay,AREA-LINZ-2508,jackson bay,West Coast Region,12,Rural locality,false,Canonical
Jacksons,AREA-LINZ-2111,jacksons,West Coast Region,12,Rural locality,false,Canonical
Kaiata,AREA-LINZ-624,kaiata,West Coast Region,12,Suburb,false,Canonical
Kakapotahi,AREA-LINZ-2112,kakapotahi,West Coast Region,12,Rural locality,false,Canonical
Kaniere,AREA-LINZ-653,kaniere,West Coast Region,12,Suburb,false,Canonical
Karamea,AREA-LINZ-2522,karamea,West Coast Region,12,Rural locality,false,Canonical
Karangarua,AREA-LINZ-2182,karangarua,West Coast Region,12,Rural locality,false,Canonical
Karoro,AREA-LINZ-662,karoro,West Coast Region,12,Suburb,false,Canonical
Kokatahi,AREA-LINZ-2317,kokatahi,West Coast Region,12,Rural locality,false,Canonical
Kumara,AREA-LINZ-725,kumara,West Coast Region,12,Suburb,false,Canonical
Kumara Junction,AREA-LINZ-726,kumara junction,West Coast Region,12,Suburb,false,Canonical
Lake Kaniere,AREA-LINZ-8994,lake kaniere,West Coast Region,12,Rural locality,false,Canonical
Landsborough Valley,AREA-LINZ-8856,landsborough valley,West Coast Region,12,Rural locality,false,Canonical
Lewis Pass,AREA-LINZ-8951,lewis pass,West Coast Region,12,Rural locality,false,Canonical
Little Wanganui,AREA-LINZ-2521,little wanganui,West Coast Region,12,Rural locality,false,Canonical
Lower Buller Gorge,AREA-LINZ-8952,lower buller gorge,West Coast Region,12,Rural locality,false,Canonical
Maimai,AREA-LINZ-8953,maimai,West Coast Region,12,Rural locality,false,Canonical
Marsden,AREA-LINZ-864,marsden,West Coast Region,12,Suburb,false,Canonical
Maruia,AREA-LINZ-2206,maruia,West Coast Region,12,Rural locality,false,Canonical
Mawheraiti,AREA-LINZ-902,mawheraiti,West Coast Region,12,Rural locality,false,Canonical
Millerton,AREA-LINZ-8959,millerton,West Coast Region,12,Rural locality,false,Canonical
Moana,AREA-LINZ-2360,moana,West Coast Region,12,Rural locality,false,Canonical
Mokihinui,AREA-LINZ-2361,mokihinui,West Coast Region,12,Rural locality,false,Canonical
Mount Ajax,AREA-LINZ-2448,mount ajax,West Coast Region,12,Rural locality,false,Canonical
Nelson Creek,AREA-LINZ-8993,nelson creek,West Coast Region,12,Rural locality,false,Canonical
Ngahere,AREA-LINZ-1024,ngahere,West Coast Region,12,Rural locality,false,Canonical
Ngakawau,AREA-LINZ-1026,ngakawau,West Coast Region,12,Suburb,false,Canonical
Nine Mile,AREA-LINZ-1044,nine mile,West Coast Region,12,Suburb,false,Canonical
Ōkārito,AREA-LINZ-2122,okarito,West Coast Region,12,Rural locality,false,Canonical
Otira,AREA-LINZ-1167,otira,West Coast Region,12,Rural locality,false,Canonical
Paringa,AREA-LINZ-2375,paringa,West Coast Region,12,Rural locality,false,Canonical
Paroa,AREA-LINZ-8763,paroa,West Coast Region,12,Suburb,false,Canonical
Point Elizabeth,AREA-LINZ-2512,point elizabeth,West Coast Region,12,Suburb,false,Canonical
Pukekura,AREA-LINZ-8784,pukekura,West Coast Region,12,Rural locality,false,Canonical
Punakaiki,AREA-LINZ-2516,punakaiki,West Coast Region,12,Rural locality,false,Canonical
Rahu Saddle,AREA-LINZ-1353,rahu saddle,West Coast Region,12,Rural locality,false,Canonical
Rapahoe,AREA-LINZ-2513,rapahoe,West Coast Region,12,Suburb,false,Canonical
Reefton,AREA-LINZ-1387,reefton,West Coast Region,12,Suburb,false,Canonical
Ross,AREA-LINZ-1437,ross,West Coast Region,12,Suburb,false,Canonical
Ruatapu,AREA-LINZ-2238,ruatapu,West Coast Region,12,Rural locality,false,Canonical
Runanga,AREA-LINZ-1455,runanga,West Coast Region,12,Suburb,false,Canonical
Rutherglen,AREA-LINZ-1458,rutherglen,West Coast Region,12,Suburb,false,Canonical
Seaview,AREA-LINZ-1474,seaview,West Coast Region,12,Rural locality,false,Canonical
Seddonville,AREA-LINZ-1479,seddonville,West Coast Region,12,Rural locality,false,Canonical
Springs Junction,AREA-LINZ-8954,springs junction,West Coast Region,12,Rural locality,false,Canonical
Stillwater,AREA-LINZ-8766,stillwater,West Coast Region,12,Suburb,false,Canonical
Stockton,AREA-LINZ-1534,stockton,West Coast Region,12,Rural locality,false,Canonical
Taylorville,AREA-LINZ-1616,taylorville,West Coast Region,12,Suburb,false,Canonical
Te Miko,AREA-LINZ-8873,te miko,West Coast Region,12,Rural locality,false,Canonical
Totara Flat,AREA-LINZ-2439,totara flat,West Coast Region,12,Rural locality,false,Canonical
Tōtara River,AREA-LINZ-4112,totara river,West Coast Region,12,Rural locality,false,Canonical
Turiwhate,AREA-LINZ-2460,turiwhate,West Coast Region,12,Rural locality,false,Canonical
Upper Buller Gorge,AREA-LINZ-8955,upper buller gorge,West Coast Region,12,Rural locality,false,Canonical
Virgin Flat,AREA-LINZ-8956,virgin flat,West Coast Region,12,Rural locality,false,Canonical
Waiho,AREA-LINZ-2392,waiho,West Coast Region,12,Rural locality,false,Canonical
Waimangaroa,AREA-LINZ-2519,waimangaroa,West Coast Region,12,Rural locality,false,Canonical
Waiuta,AREA-LINZ-8957,waiuta,West Coast Region,12,Rural locality,false,Canonical
Westport,AREA-LINZ-2342,westport,West Coast Region,12,Suburb,false,Canonical
Whataroa,AREA-LINZ-4117,whataroa,West Coast Region,12,Rural locality,false,Canonical
Adair,AREA-LINZ-2,adair,Canterbury Region,13,Rural locality,false,Canonical
Addington,AREA-LINZ-3,addington,Canterbury Region,13,Suburb,false,Canonical
Aidanfield,AREA-LINZ-8958,aidanfield,Canterbury Region,13,Suburb,false,Canonical
Akaroa,AREA-LINZ-10,akaroa,Canterbury Region,13,Suburb,false,Canonical
Albury,AREA-LINZ-15,albury,Canterbury Region,13,Rural locality,false,Canonical
Alford Forest,AREA-LINZ-16,alford forest,Canterbury Region,13,Rural locality,false,Canonical
Allandale,AREA-LINZ-8832,allandale,Canterbury Region,13,Rural locality,false,Canonical
Allenton,AREA-LINZ-22,allenton,Canterbury Region,13,Suburb,false,Canonical
Amberley,AREA-LINZ-2060,amberley,Canterbury Region,13,Suburb,false,Canonical
Amuri Plain,AREA-LINZ-25,amuri plain,Canterbury Region,13,Rural locality,false,Canonical
Aranui,AREA-LINZ-39,aranui,Canterbury Region,13,Suburb,false,Canonical
Arthur's Pass,AREA-LINZ-2064,arthur's pass,Canterbury Region,13,Rural locality,false,Canonical
Arundel,AREA-LINZ-53,arundel,Canterbury Region,13,Rural locality,false,Canonical
Ashburton,AREA-LINZ-8779,ashburton,Canterbury Region,13,Suburb,false,Canonical
Ashburton Forks,AREA-LINZ-57,ashburton forks,Canterbury Region,13,Rural locality,false,Canonical
Ashburton Lakes,AREA-LINZ-2066,ashburton lakes,Canterbury Region,13,Rural locality,false,Canonical
Ashley,AREA-LINZ-59,ashley,Canterbury Region,13,Rural locality,false,Canonical
Ashley Forest,AREA-LINZ-2067,ashley forest,Canterbury Region,13,Rural locality,false,Canonical
Ashton,AREA-LINZ-62,ashton,Canterbury Region,13,Rural locality,false,Canonical
Ashwick Flat,AREA-LINZ-64,ashwick flat,Canterbury Region,13,Rural locality,false,Canonical
Ataahua,AREA-LINZ-2068,ataahua,Canterbury Region,13,Rural locality,false,Canonical
Aviemore,AREA-LINZ-2070,aviemore,Canterbury Region,13,Rural locality,false,Canonical
Avondale,AREA-LINZ-72,avondale,Canterbury Region,13,Suburb,false,Canonical
Avonhead,AREA-LINZ-73,avonhead,Canterbury Region,13,Suburb,false,Canonical
Avonside,AREA-LINZ-74,avonside,Canterbury Region,13,Suburb,false,Canonical
Balcairn,AREA-LINZ-2134,balcairn,Canterbury Region,13,Rural locality,false,Canonical
Balmoral,AREA-LINZ-97,balmoral,Canterbury Region,13,Rural locality,false,Canonical
Bankside,AREA-LINZ-98,bankside,Canterbury Region,13,Rural locality,false,Canonical
Barrhill,AREA-LINZ-2732,barrhill,Canterbury Region,13,Rural locality,false,Canonical
Beckenham,AREA-LINZ-107,beckenham,Canterbury Region,13,Suburb,false,Canonical
Belfast,AREA-LINZ-110,belfast,Canterbury Region,13,Suburb,false,Canonical
Belfield,AREA-LINZ-111,belfield,Canterbury Region,13,Rural locality,false,Canonical
Ben Ohau,AREA-LINZ-4044,ben ohau,Canterbury Region,13,Rural locality,false,Canonical
Ben Omar,AREA-LINZ-2073,ben omar,Canterbury Region,13,Rural locality,false,Canonical
Benmore,AREA-LINZ-4056,benmore,Canterbury Region,13,Rural locality,false,Canonical
Bexley,AREA-LINZ-121,bexley,Canterbury Region,13,Suburb,false,Canonical
Birchwood,AREA-LINZ-126,birchwood,Canterbury Region,13,Rural locality,false,Canonical
Birdlings Flat,AREA-LINZ-2138,birdlings flat,Canterbury Region,13,Rural locality,false,Canonical
Birdwood,AREA-LINZ-2077,birdwood,Canterbury Region,13,Rural locality,false,Canonical
Bishopdale,AREA-LINZ-128,bishopdale,Canterbury Region,13,Suburb,false,Canonical
Black Point,AREA-LINZ-130,black point,Canterbury Region,13,Rural locality,false,Canonical
Bottle Lake,AREA-LINZ-146,bottle lake,Canterbury Region,13,Suburb,false,Canonical
Bromley,AREA-LINZ-6566,bromley,Canterbury Region,13,Suburb,false,Canonical
Brooklands,AREA-LINZ-163,brooklands,Canterbury Region,13,Suburb,false,Canonical
Broomfield,AREA-LINZ-166,broomfield,Canterbury Region,13,Suburb,false,Canonical
Broomfield,AREA-LINZ-2301,broomfield,Canterbury Region,13,Rural locality,false,Canonical
Bryndwr,AREA-LINZ-173,bryndwr,Canterbury Region,13,Suburb,false,Canonical
Burkes Pass,AREA-LINZ-4011,burkes pass,Canterbury Region,13,Rural locality,false,Canonical
Burnham,AREA-LINZ-179,burnham,Canterbury Region,13,Suburb,false,Canonical
Burnside,AREA-LINZ-181,burnside,Canterbury Region,13,Suburb,false,Canonical
Burnt Hill,AREA-LINZ-182,burnt hill,Canterbury Region,13,Rural locality,false,Canonical
Burwood,AREA-LINZ-184,burwood,Canterbury Region,13,Suburb,false,Canonical
Carew,AREA-LINZ-196,carew,Canterbury Region,13,Rural locality,false,Canonical
Casebrook,AREA-LINZ-200,casebrook,Canterbury Region,13,Suburb,false,Canonical
Cashmere,AREA-LINZ-201,cashmere,Canterbury Region,13,Suburb,false,Canonical
Cass Bay,AREA-LINZ-202,cass bay,Canterbury Region,13,Suburb,false,Canonical
Castle Hill,AREA-LINZ-2141,castle hill,Canterbury Region,13,Rural locality,false,Canonical
Cattle Creek,AREA-LINZ-206,cattle creek,Canterbury Region,13,Rural locality,false,Canonical
Cave,AREA-LINZ-208,cave,Canterbury Region,13,Rural locality,false,Canonical
Cavendish,AREA-LINZ-209,cavendish,Canterbury Region,13,Rural locality,false,Canonical
Charing Cross,AREA-LINZ-214,charing cross,Canterbury Region,13,Rural locality,false,Canonical
Charteris Bay,AREA-LINZ-4062,charteris bay,Canterbury Region,13,Rural locality,false,Canonical
Chertsey,AREA-LINZ-223,chertsey,Canterbury Region,13,Rural locality,false,Canonical
Cheviot,AREA-LINZ-2080,cheviot,Canterbury Region,13,Suburb,false,Canonical
Christchurch Airport,AREA-LINZ-224,christchurch airport,Canterbury Region,13,Suburb,false,Canonical
Christchurch Central,AREA-LINZ-2081,christchurch central,Canterbury Region,13,Suburb,false,Canonical
Clandeboye,AREA-LINZ-227,clandeboye,Canterbury Region,13,Rural locality,false,Canonical
Claremont,AREA-LINZ-228,claremont,Canterbury Region,13,Rural locality,false,Canonical
Clarkville,AREA-LINZ-232,clarkville,Canterbury Region,13,Rural locality,false,Canonical
Clifton,AREA-LINZ-8771,clifton,Canterbury Region,13,Suburb,false,Canonical
Coal Stream,AREA-LINZ-245,coal stream,Canterbury Region,13,Rural locality,false,Canonical
Coalgate,AREA-LINZ-246,coalgate,Canterbury Region,13,Rural locality,false,Canonical
Coldstream,AREA-LINZ-249,coldstream,Canterbury Region,13,Rural locality,false,Canonical
Conway Flat,AREA-LINZ-255,conway flat,Canterbury Region,13,Rural locality,false,Canonical
Coopers Creek,AREA-LINZ-256,coopers creek,Canterbury Region,13,Rural locality,false,Canonical
Corsair Bay,AREA-LINZ-261,corsair bay,Canterbury Region,13,Suburb,false,Canonical
Coutts Island,AREA-LINZ-263,coutts island,Canterbury Region,13,Suburb,false,Canonical
Cracroft,AREA-LINZ-8703,cracroft,Canterbury Region,13,Suburb,false,Canonical
Culverden,AREA-LINZ-272,culverden,Canterbury Region,13,Rural locality,false,Canonical
Cust,AREA-LINZ-274,cust,Canterbury Region,13,Rural locality,false,Canonical
Dallington,AREA-LINZ-278,dallington,Canterbury Region,13,Suburb,false,Canonical
Danseys Pass,AREA-LINZ-281,danseys pass,Canterbury Region,13,Rural locality,false,Canonical
Darfield,AREA-LINZ-282,darfield,Canterbury Region,13,Suburb,false,Canonical
Diamond Harbour,AREA-LINZ-289,diamond harbour,Canterbury Region,13,Rural locality,false,Canonical
Dobson Valley,AREA-LINZ-8854,dobson valley,Canterbury Region,13,Rural locality,false,Canonical
Domett,AREA-LINZ-297,domett,Canterbury Region,13,Rural locality,false,Canonical
Dorie,AREA-LINZ-299,dorie,Canterbury Region,13,Rural locality,false,Canonical
Double Hill,AREA-LINZ-2149,double hill,Canterbury Region,13,Rural locality,false,Canonical
Doubtful Range,AREA-LINZ-2090,doubtful range,Canterbury Region,13,Rural locality,false,Canonical
Doyleston,AREA-LINZ-2091,doyleston,Canterbury Region,13,Suburb,false,Canonical
Dromore,AREA-LINZ-8644,dromore,Canterbury Region,13,Rural locality,false,Canonical
Dunsandel,AREA-LINZ-315,dunsandel,Canterbury Region,13,Rural locality,false,Canonical
Duntroon,AREA-LINZ-317,duntroon,Canterbury Region,13,Rural locality,false,Canonical
Duvauchelle,AREA-LINZ-318,duvauchelle,Canterbury Region,13,Rural locality,false,Canonical
Ealing,AREA-LINZ-319,ealing,Canterbury Region,13,Rural locality,false,Canonical
Earthquakes,AREA-LINZ-320,earthquakes,Canterbury Region,13,Rural locality,false,Canonical
Edgeware,AREA-LINZ-332,edgeware,Canterbury Region,13,Suburb,false,Canonical
Eiffelton,AREA-LINZ-334,eiffelton,Canterbury Region,13,Rural locality,false,Canonical
Elephant Hill,AREA-LINZ-339,elephant hill,Canterbury Region,13,Rural locality,false,Canonical
Elgin,AREA-LINZ-2094,elgin,Canterbury Region,13,Suburb,false,Canonical
Emu Plain,AREA-LINZ-344,emu plain,Canterbury Region,13,Rural locality,false,Canonical
Eyrewell,AREA-LINZ-358,eyrewell,Canterbury Region,13,Rural locality,false,Canonical
Fairlie,AREA-LINZ-363,fairlie,Canterbury Region,13,Suburb,false,Canonical
Fairton,AREA-LINZ-365,fairton,Canterbury Region,13,Rural locality,false,Canonical
Fairview,AREA-LINZ-366,fairview,Canterbury Region,13,Rural locality,false,Canonical
Fendalton,AREA-LINZ-375,fendalton,Canterbury Region,13,Suburb,false,Canonical
Ferniehurst,AREA-LINZ-378,ferniehurst,Canterbury Region,13,Rural locality,false,Canonical
Fernside,AREA-LINZ-379,fernside,Canterbury Region,13,Suburb,false,Canonical
Ferrymead,AREA-LINZ-380,ferrymead,Canterbury Region,13,Suburb,false,Canonical
Flaxton,AREA-LINZ-8791,flaxton,Canterbury Region,13,Rural locality,false,Canonical
French Farm,AREA-LINZ-400,french farm,Canterbury Region,13,Rural locality,false,Canonical
Gammack,AREA-LINZ-2101,gammack,Canterbury Region,13,Rural locality,false,Canonical
Gebbies Valley,AREA-LINZ-2160,gebbies valley,Canterbury Region,13,Rural locality,false,Canonical
Geraldine,AREA-LINZ-409,geraldine,Canterbury Region,13,Suburb,false,Canonical
Geraldine Downs,AREA-LINZ-410,geraldine downs,Canterbury Region,13,Rural locality,false,Canonical
Geraldine Flat,AREA-LINZ-411,geraldine flat,Canterbury Region,13,Rural locality,false,Canonical
Glasnevin,AREA-LINZ-418,glasnevin,Canterbury Region,13,Rural locality,false,Canonical
Glenavy,AREA-LINZ-423,glenavy,Canterbury Region,13,Rural locality,false,Canonical
Glenbrook,AREA-LINZ-8852,glenbrook,Canterbury Region,13,Rural locality,false,Canonical
Gleniti,AREA-LINZ-432,gleniti,Canterbury Region,13,Suburb,false,Canonical
Glentanner,AREA-LINZ-2120,glentanner,Canterbury Region,13,Rural locality,false,Canonical
Glentui,AREA-LINZ-441,glentui,Canterbury Region,13,Rural locality,false,Canonical
Glentunnel,AREA-LINZ-442,glentunnel,Canterbury Region,13,Rural locality,false,Canonical
Glenwood,AREA-LINZ-445,glenwood,Canterbury Region,13,Suburb,false,Canonical
Goose Bay,AREA-LINZ-450,goose bay,Canterbury Region,13,Rural locality,false,Canonical
Gore Bay,AREA-LINZ-8794,gore bay,Canterbury Region,13,Rural locality,false,Canonical
Goughs Bay,AREA-LINZ-453,goughs bay,Canterbury Region,13,Rural locality,false,Canonical
Governors Bay,AREA-LINZ-455,governors bay,Canterbury Region,13,Rural locality,false,Canonical
Greendale,AREA-LINZ-465,greendale,Canterbury Region,13,Rural locality,false,Canonical
Greenstreet,AREA-LINZ-469,greenstreet,Canterbury Region,13,Rural locality,false,Canonical
Greta Valley,AREA-LINZ-474,greta valley,Canterbury Region,13,Rural locality,false,Canonical
Hadlow,AREA-LINZ-483,hadlow,Canterbury Region,13,Rural locality,false,Canonical
Hakataramea,AREA-LINZ-485,hakataramea,Canterbury Region,13,Suburb,false,Canonical
Hakataramea Valley,AREA-LINZ-486,hakataramea valley,Canterbury Region,13,Rural locality,false,Canonical
Half Moon Bay,AREA-LINZ-2466,half moon bay,Canterbury Region,13,Rural locality,false,Canonical
Halswell,AREA-LINZ-490,halswell,Canterbury Region,13,Suburb,false,Canonical
Hampstead,AREA-LINZ-493,hampstead,Canterbury Region,13,Suburb,false,Canonical
Hanmer Forest,AREA-LINZ-8664,hanmer forest,Canterbury Region,13,Suburb,false,Canonical
Hanmer Springs,AREA-LINZ-498,hanmer springs,Canterbury Region,13,Suburb,false,Canonical
Hapuku,AREA-LINZ-2467,hapuku,Canterbury Region,13,Rural locality,false,Canonical
Harewood,AREA-LINZ-501,harewood,Canterbury Region,13,Suburb,false,Canonical
Hatfield,AREA-LINZ-506,hatfield,Canterbury Region,13,Rural locality,false,Canonical
Hawarden,AREA-LINZ-511,hawarden,Canterbury Region,13,Rural locality,false,Canonical
Hawkswood,AREA-LINZ-514,hawkswood,Canterbury Region,13,Rural locality,false,Canonical
Hazelburn,AREA-LINZ-517,hazelburn,Canterbury Region,13,Rural locality,false,Canonical
Heathcote Valley,AREA-LINZ-519,heathcote valley,Canterbury Region,13,Suburb,false,Canonical
Hei Hei,AREA-LINZ-523,hei hei,Canterbury Region,13,Suburb,false,Canonical
Hickory Bay,AREA-LINZ-531,hickory bay,Canterbury Region,13,Rural locality,false,Canonical
Highbank,AREA-LINZ-532,highbank,Canterbury Region,13,Rural locality,false,Canonical
Highfield,AREA-LINZ-535,highfield,Canterbury Region,13,Suburb,false,Canonical
Hillmorton,AREA-LINZ-8755,hillmorton,Canterbury Region,13,Suburb,false,Canonical
Hillsborough,AREA-LINZ-546,hillsborough,Canterbury Region,13,Suburb,false,Canonical
Hilton,AREA-LINZ-548,hilton,Canterbury Region,13,Rural locality,false,Canonical
Hinds,AREA-LINZ-550,hinds,Canterbury Region,13,Rural locality,false,Canonical
Hoon Hay,AREA-LINZ-566,hoon hay,Canterbury Region,13,Suburb,false,Canonical
Hopkins Valley,AREA-LINZ-8855,hopkins valley,Canterbury Region,13,Rural locality,false,Canonical
Hornby,AREA-LINZ-569,hornby,Canterbury Region,13,Suburb,false,Canonical
Hornby South,AREA-LINZ-570,hornby south,Canterbury Region,13,Suburb,false,Canonical
Hororata,AREA-LINZ-574,hororata,Canterbury Region,13,Rural locality,false,Canonical
Hundalee,AREA-LINZ-584,hundalee,Canterbury Region,13,Rural locality,false,Canonical
Hunter,AREA-LINZ-585,hunter,Canterbury Region,13,Rural locality,false,Canonical
Hunters Hills,AREA-LINZ-587,hunters hills,Canterbury Region,13,Rural locality,false,Canonical
Huntingdon,AREA-LINZ-2173,huntingdon,Canterbury Region,13,Rural locality,false,Canonical
Huntsbury,AREA-LINZ-8840,huntsbury,Canterbury Region,13,Suburb,false,Canonical
Hurunui,AREA-LINZ-591,hurunui,Canterbury Region,13,Rural locality,false,Canonical
Ikawai,AREA-LINZ-597,ikawai,Canterbury Region,13,Rural locality,false,Canonical
Ilam,AREA-LINZ-598,ilam,Canterbury Region,13,Suburb,false,Canonical
Inland Road,AREA-LINZ-2314,inland road,Canterbury Region,13,Rural locality,false,Canonical
Island Hills,AREA-LINZ-4009,island hills,Canterbury Region,13,Rural locality,false,Canonical
Islington,AREA-LINZ-611,islington,Canterbury Region,13,Suburb,false,Canonical
Kaiapoi,AREA-LINZ-623,kaiapoi,Canterbury Region,13,Suburb,false,Canonical
Kaikōura,AREA-LINZ-629,kaikoura,Canterbury Region,13,Suburb,false,Canonical
Kaikoura Flat,AREA-LINZ-2349,kaikoura flat,Canterbury Region,13,Suburb,false,Canonical
Kaikōura Peninsula,AREA-LINZ-630,kaikoura peninsula,Canterbury Region,13,Suburb,false,Canonical
Kainga,AREA-LINZ-633,kainga,Canterbury Region,13,Suburb,false,Canonical
Kairaki,AREA-LINZ-636,kairaki,Canterbury Region,13,Suburb,false,Canonical
Kakahu,AREA-LINZ-648,kakahu,Canterbury Region,13,Rural locality,false,Canonical
Kekerengu,AREA-LINZ-8980,kekerengu,Canterbury Region,13,Rural locality,false,Canonical
Kennedys Bush,AREA-LINZ-676,kennedys bush,Canterbury Region,13,Suburb,false,Canonical
Kensington,AREA-LINZ-679,kensington,Canterbury Region,13,Suburb,false,Canonical
Kerrytown,AREA-LINZ-682,kerrytown,Canterbury Region,13,Rural locality,false,Canonical
Kimbell,AREA-LINZ-691,kimbell,Canterbury Region,13,Rural locality,false,Canonical
Kirkliston,AREA-LINZ-2188,kirkliston,Canterbury Region,13,Rural locality,false,Canonical
Kirwee,AREA-LINZ-704,kirwee,Canterbury Region,13,Suburb,false,Canonical
Kokoamo,AREA-LINZ-709,kokoamo,Canterbury Region,13,Rural locality,false,Canonical
Kurow,AREA-LINZ-2318,kurow,Canterbury Region,13,Suburb,false,Canonical
Lagmhor,AREA-LINZ-733,lagmhor,Canterbury Region,13,Rural locality,false,Canonical
Lake Coleridge,AREA-LINZ-2303,lake coleridge,Canterbury Region,13,Rural locality,false,Canonical
Lake Ōhau,AREA-LINZ-4043,lake ohau,Canterbury Region,13,Rural locality,false,Canonical
Lake Pearson,AREA-LINZ-2319,lake pearson,Canterbury Region,13,Rural locality,false,Canonical
Lake Tekapo,AREA-LINZ-2113,lake tekapo,Canterbury Region,13,Rural locality,false,Canonical
Lansdowne,AREA-LINZ-8830,lansdowne,Canterbury Region,13,Suburb,false,Canonical
Lauriston,AREA-LINZ-738,lauriston,Canterbury Region,13,Rural locality,false,Canonical
Le Bons Bay,AREA-LINZ-6565,le bons bay,Canterbury Region,13,Rural locality,false,Canonical
Lees Valley,AREA-LINZ-743,lees valley,Canterbury Region,13,Rural locality,false,Canonical
Leeston,AREA-LINZ-2352,leeston,Canterbury Region,13,Suburb,false,Canonical
Leithfield,AREA-LINZ-2321,leithfield,Canterbury Region,13,Rural locality,false,Canonical
Leslie Hills,AREA-LINZ-4083,leslie hills,Canterbury Region,13,Rural locality,false,Canonical
Levels,AREA-LINZ-747,levels,Canterbury Region,13,Rural locality,false,Canonical
Levels Valley,AREA-LINZ-748,levels valley,Canterbury Region,13,Rural locality,false,Canonical
Lincoln,AREA-LINZ-2353,lincoln,Canterbury Region,13,Suburb,false,Canonical
Linwood,AREA-LINZ-756,linwood,Canterbury Region,13,Suburb,false,Canonical
Lismore,AREA-LINZ-757,lismore,Canterbury Region,13,Rural locality,false,Canonical
Little Akaloa,AREA-LINZ-6564,little akaloa,Canterbury Region,13,Rural locality,false,Canonical
Little River,AREA-LINZ-2354,little river,Canterbury Region,13,Rural locality,false,Canonical
Loburn,AREA-LINZ-2355,loburn,Canterbury Region,13,Rural locality,false,Canonical
Long Bay,AREA-LINZ-762,long bay,Canterbury Region,13,Rural locality,false,Canonical
Lowcliffe,AREA-LINZ-2470,lowcliffe,Canterbury Region,13,Rural locality,false,Canonical
Lowry Hills Range,AREA-LINZ-775,lowry hills range,Canterbury Region,13,Rural locality,false,Canonical
Lyford,AREA-LINZ-2116,lyford,Canterbury Region,13,Rural locality,false,Canonical
Lyttelton,AREA-LINZ-781,lyttelton,Canterbury Region,13,Suburb,false,Canonical
MacDonald Downs,AREA-LINZ-785,macdonald downs,Canterbury Region,13,Rural locality,false,Canonical
Maerewhenua,AREA-LINZ-789,maerewhenua,Canterbury Region,13,Rural locality,false,Canonical
Mairehau,AREA-LINZ-798,mairehau,Canterbury Region,13,Suburb,false,Canonical
Makikihi,AREA-LINZ-810,makikihi,Canterbury Region,13,Rural locality,false,Canonical
Mangamaunu,AREA-LINZ-824,mangamaunu,Canterbury Region,13,Rural locality,false,Canonical
Maori Hill,AREA-LINZ-8764,maori hill,Canterbury Region,13,Suburb,false,Canonical
Marchwiel,AREA-LINZ-857,marchwiel,Canterbury Region,13,Suburb,false,Canonical
Maronan,AREA-LINZ-863,maronan,Canterbury Region,13,Rural locality,false,Canonical
Marshland,AREA-LINZ-865,marshland,Canterbury Region,13,Suburb,false,Canonical
Masons Flat,AREA-LINZ-868,masons flat,Canterbury Region,13,Rural locality,false,Canonical
Maungati,AREA-LINZ-899,maungati,Canterbury Region,13,Rural locality,false,Canonical
Mayfield,AREA-LINZ-904,mayfield,Canterbury Region,13,Rural locality,false,Canonical
McLeans Island,AREA-LINZ-906,mcleans island,Canterbury Region,13,Suburb,false,Canonical
Medbury,AREA-LINZ-910,medbury,Canterbury Region,13,Rural locality,false,Canonical
Merivale,AREA-LINZ-919,merivale,Canterbury Region,13,Suburb,false,Canonical
Methven,AREA-LINZ-923,methven,Canterbury Region,13,Suburb,false,Canonical
Middle Valley,AREA-LINZ-925,middle valley,Canterbury Region,13,Rural locality,false,Canonical
Middleton,AREA-LINZ-927,middleton,Canterbury Region,13,Suburb,false,Canonical
Milford,AREA-LINZ-931,milford,Canterbury Region,13,Rural locality,false,Canonical
Mitcham,AREA-LINZ-940,mitcham,Canterbury Region,13,Rural locality,false,Canonical
Moncks Bay,AREA-LINZ-8756,moncks bay,Canterbury Region,13,Suburb,false,Canonical
Montalto,AREA-LINZ-954,montalto,Canterbury Region,13,Rural locality,false,Canonical
Morven,AREA-LINZ-964,morven,Canterbury Region,13,Rural locality,false,Canonical
Motukarara,AREA-LINZ-2422,motukarara,Canterbury Region,13,Rural locality,false,Canonical
Motunau,AREA-LINZ-972,motunau,Canterbury Region,13,Rural locality,false,Canonical
Mount Buster,AREA-LINZ-2364,mount buster,Canterbury Region,13,Rural locality,false,Canonical
Mount Culverden,AREA-LINZ-4082,mount culverden,Canterbury Region,13,Rural locality,false,Canonical
Mount Dobson,AREA-LINZ-981,mount dobson,Canterbury Region,13,Rural locality,false,Canonical
Mount Hutt,AREA-LINZ-985,mount hutt,Canterbury Region,13,Rural locality,false,Canonical
Mount Pleasant,AREA-LINZ-6567,mount pleasant,Canterbury Region,13,Suburb,false,Canonical
Mount Somers,AREA-LINZ-989,mount somers,Canterbury Region,13,Rural locality,false,Canonical
Netherby,AREA-LINZ-1009,netherby,Canterbury Region,13,Suburb,false,Canonical
New Brighton,AREA-LINZ-1011,new brighton,Canterbury Region,13,Suburb,false,Canonical
Newland,AREA-LINZ-303,newland,Canterbury Region,13,Rural locality,false,Canonical
Normanby,AREA-LINZ-1049,normanby,Canterbury Region,13,Rural locality,false,Canonical
North New Brighton,AREA-LINZ-1053,north new brighton,Canterbury Region,13,Suburb,false,Canonical
Northcote,AREA-LINZ-1060,northcote,Canterbury Region,13,Suburb,false,Canonical
Northwood,AREA-LINZ-1066,northwood,Canterbury Region,13,Suburb,false,Canonical
Oaro,AREA-LINZ-2469,oaro,Canterbury Region,13,Rural locality,false,Canonical
Oceanview,AREA-LINZ-1074,oceanview,Canterbury Region,13,Suburb,false,Canonical
Ohoka,AREA-LINZ-1085,ohoka,Canterbury Region,13,Rural locality,false,Canonical
Okains Bay,AREA-LINZ-1089,okains bay,Canterbury Region,13,Rural locality,false,Canonical
Okuku,AREA-LINZ-1095,okuku,Canterbury Region,13,Rural locality,false,Canonical
Okuku Range,AREA-LINZ-1096,okuku range,Canterbury Region,13,Rural locality,false,Canonical
Okuti Valley,AREA-LINZ-2426,okuti valley,Canterbury Region,13,Rural locality,false,Canonical
Omarama,AREA-LINZ-2427,omarama,Canterbury Region,13,Suburb,false,Canonical
Omihi,AREA-LINZ-1102,omihi,Canterbury Region,13,Rural locality,false,Canonical
Opawa,AREA-LINZ-1114,opawa,Canterbury Region,13,Suburb,false,Canonical
Orari,AREA-LINZ-1124,orari,Canterbury Region,13,Rural locality,false,Canonical
Orari Bridge,AREA-LINZ-1125,orari bridge,Canterbury Region,13,Rural locality,false,Canonical
Orari Gorge,AREA-LINZ-1126,orari gorge,Canterbury Region,13,Rural locality,false,Canonical
Orton,AREA-LINZ-1140,orton,Canterbury Region,13,Rural locality,false,Canonical
Otaio,AREA-LINZ-1145,otaio,Canterbury Region,13,Rural locality,false,Canonical
Otekaieke,AREA-LINZ-1162,otekaieke,Canterbury Region,13,Rural locality,false,Canonical
Otematata,AREA-LINZ-2333,otematata,Canterbury Region,13,Suburb,false,Canonical
Otiake,AREA-LINZ-1165,otiake,Canterbury Region,13,Rural locality,false,Canonical
Otipua Creek,AREA-LINZ-1166,otipua creek,Canterbury Region,13,Rural locality,false,Canonical
Ouruhia,AREA-LINZ-1545,ouruhia,Canterbury Region,13,Suburb,false,Canonical
Oxford,AREA-LINZ-1178,oxford,Canterbury Region,13,Suburb,false,Canonical
Papanui,AREA-LINZ-1198,papanui,Canterbury Region,13,Suburb,false,Canonical
Pareora,AREA-LINZ-8686,pareora,Canterbury Region,13,Suburb,false,Canonical
Pareora West,AREA-LINZ-1214,pareora west,Canterbury Region,13,Rural locality,false,Canonical
Parklands,AREA-LINZ-1218,parklands,Canterbury Region,13,Suburb,false,Canonical
Parkside,AREA-LINZ-1219,parkside,Canterbury Region,13,Suburb,false,Canonical
Peel Forest,AREA-LINZ-1232,peel forest,Canterbury Region,13,Rural locality,false,Canonical
Pegasus,AREA-LINZ-8790,pegasus,Canterbury Region,13,Rural locality,false,Canonical
Peketa,AREA-LINZ-2468,peketa,Canterbury Region,13,Rural locality,false,Canonical
Pendarves,AREA-LINZ-1236,pendarves,Canterbury Region,13,Rural locality,false,Canonical
Peraki,AREA-LINZ-1240,peraki,Canterbury Region,13,Rural locality,false,Canonical
Phillipstown,AREA-LINZ-1243,phillipstown,Canterbury Region,13,Suburb,false,Canonical
Pigeon Bay,AREA-LINZ-6563,pigeon bay,Canterbury Region,13,Rural locality,false,Canonical
Pleasant Point,AREA-LINZ-1263,pleasant point,Canterbury Region,13,Suburb,false,Canonical
Pleasant Valley,AREA-LINZ-1264,pleasant valley,Canterbury Region,13,Rural locality,false,Canonical
Poplars Range,AREA-LINZ-2428,poplars range,Canterbury Region,13,Rural locality,false,Canonical
Port Levy,AREA-LINZ-6562,port levy,Canterbury Region,13,Rural locality,false,Canonical
Prebbleton,AREA-LINZ-1293,prebbleton,Canterbury Region,13,Suburb,false,Canonical
Prices Valley,AREA-LINZ-2450,prices valley,Canterbury Region,13,Rural locality,false,Canonical
Pudding Hill,AREA-LINZ-1296,pudding hill,Canterbury Region,13,Rural locality,false,Canonical
Puhi Puhi,AREA-LINZ-8699,puhi puhi,Canterbury Region,13,Suburb,false,Canonical
Pukaki,AREA-LINZ-8851,pukaki,Canterbury Region,13,Rural locality,false,Canonical
Purau,AREA-LINZ-4084,purau,Canterbury Region,13,Rural locality,false,Canonical
Pyramid Valley,AREA-LINZ-1344,pyramid valley,Canterbury Region,13,Rural locality,false,Canonical
Quailburn,AREA-LINZ-2124,quailburn,Canterbury Region,13,Rural locality,false,Canonical
Rakaia,AREA-LINZ-1355,rakaia,Canterbury Region,13,Suburb,false,Canonical
Ramsay,AREA-LINZ-2430,ramsay,Canterbury Region,13,Rural locality,false,Canonical
Rangiora,AREA-LINZ-1362,rangiora,Canterbury Region,13,Suburb,false,Canonical
Rangitata,AREA-LINZ-1364,rangitata,Canterbury Region,13,Rural locality,false,Canonical
Rangitata Island,AREA-LINZ-1365,rangitata island,Canterbury Region,13,Rural locality,false,Canonical
Redcliffs,AREA-LINZ-1383,redcliffs,Canterbury Region,13,Suburb,false,Canonical
Redruth,AREA-LINZ-1384,redruth,Canterbury Region,13,Suburb,false,Canonical
Redwood,AREA-LINZ-1385,redwood,Canterbury Region,13,Suburb,false,Canonical
Riccarton,AREA-LINZ-1394,riccarton,Canterbury Region,13,Suburb,false,Canonical
Richmond,AREA-LINZ-1396,richmond,Canterbury Region,13,Suburb,false,Canonical
Richmond Hill,AREA-LINZ-8772,richmond hill,Canterbury Region,13,Suburb,false,Canonical
Robinsons Bay,AREA-LINZ-1419,robinsons bay,Canterbury Region,13,Rural locality,false,Canonical
Rolleston,AREA-LINZ-1424,rolleston,Canterbury Region,13,Suburb,false,Canonical
Rolleston Range,AREA-LINZ-2451,rolleston range,Canterbury Region,13,Rural locality,false,Canonical
Rosewill,AREA-LINZ-1433,rosewill,Canterbury Region,13,Rural locality,false,Canonical
Rotherham,AREA-LINZ-1438,rotherham,Canterbury Region,13,Rural locality,false,Canonical
Ruapuna,AREA-LINZ-1450,ruapuna,Canterbury Region,13,Rural locality,false,Canonical
Russley,AREA-LINZ-1457,russley,Canterbury Region,13,Suburb,false,Canonical
Saint Andrews,AREA-LINZ-1523,saint andrews,Canterbury Region,13,Rural locality,false,Canonical
Saint James Range,AREA-LINZ-2452,saint james range,Canterbury Region,13,Rural locality,false,Canonical
Saint Martins,AREA-LINZ-1527,saint martins,Canterbury Region,13,Suburb,false,Canonical
Salisbury,AREA-LINZ-1463,salisbury,Canterbury Region,13,Rural locality,false,Canonical
Scarborough,AREA-LINZ-1468,scarborough,Canterbury Region,13,Rural locality,false,Canonical
Scarborough,AREA-LINZ-8932,scarborough,Canterbury Region,13,Suburb,false,Canonical
Scargill,AREA-LINZ-1469,scargill,Canterbury Region,13,Rural locality,false,Canonical
Seadown,AREA-LINZ-1473,seadown,Canterbury Region,13,Rural locality,false,Canonical
Seaview,AREA-LINZ-1476,seaview,Canterbury Region,13,Suburb,false,Canonical
Seaward Valley,AREA-LINZ-8700,seaward valley,Canterbury Region,13,Suburb,false,Canonical
Sefton,AREA-LINZ-4129,sefton,Canterbury Region,13,Rural locality,false,Canonical
Sheffield,AREA-LINZ-1483,sheffield,Canterbury Region,13,Rural locality,false,Canonical
Shirley,AREA-LINZ-1488,shirley,Canterbury Region,13,Suburb,false,Canonical
Sibbald,AREA-LINZ-1489,sibbald,Canterbury Region,13,Rural locality,false,Canonical
Smithfield,AREA-LINZ-1495,smithfield,Canterbury Region,13,Suburb,false,Canonical
Snowdon,AREA-LINZ-2126,snowdon,Canterbury Region,13,Rural locality,false,Canonical
Sockburn,AREA-LINZ-1497,sockburn,Canterbury Region,13,Suburb,false,Canonical
Somerfield,AREA-LINZ-1499,somerfield,Canterbury Region,13,Suburb,false,Canonical
South Bay,AREA-LINZ-1501,south bay,Canterbury Region,13,Suburb,false,Canonical
South New Brighton,AREA-LINZ-1503,south new brighton,Canterbury Region,13,Suburb,false,Canonical
Southbridge,AREA-LINZ-2434,southbridge,Canterbury Region,13,Suburb,false,Canonical
Southburn,AREA-LINZ-1507,southburn,Canterbury Region,13,Rural locality,false,Canonical
Southshore,AREA-LINZ-1509,southshore,Canterbury Region,13,Suburb,false,Canonical
Spencerville,AREA-LINZ-8913,spencerville,Canterbury Region,13,Suburb,false,Canonical
Spotswood,AREA-LINZ-2241,spotswood,Canterbury Region,13,Rural locality,false,Canonical
Spreydon,AREA-LINZ-1513,spreydon,Canterbury Region,13,Suburb,false,Canonical
Springfield,AREA-LINZ-2435,springfield,Canterbury Region,13,Rural locality,false,Canonical
Springston,AREA-LINZ-2242,springston,Canterbury Region,13,Suburb,false,Canonical
St Albans,AREA-LINZ-1522,st albans,Canterbury Region,13,Suburb,false,Canonical
Stag And Spey,AREA-LINZ-2382,stag and spey,Canterbury Region,13,Rural locality,false,Canonical
Starvation Hill,AREA-LINZ-1530,starvation hill,Canterbury Region,13,Rural locality,false,Canonical
Station Peak,AREA-LINZ-1531,station peak,Canterbury Region,13,Rural locality,false,Canonical
Staveley,AREA-LINZ-1532,staveley,Canterbury Region,13,Rural locality,false,Canonical
Strowan,AREA-LINZ-1544,strowan,Canterbury Region,13,Suburb,false,Canonical
Sumner,AREA-LINZ-6568,sumner,Canterbury Region,13,Suburb,false,Canonical
Surrey Hills,AREA-LINZ-1549,surrey hills,Canterbury Region,13,Rural locality,false,Canonical
Sutherlands,AREA-LINZ-1550,sutherlands,Canterbury Region,13,Rural locality,false,Canonical
Swannanoa,AREA-LINZ-1551,swannanoa,Canterbury Region,13,Rural locality,false,Canonical
Sydenham,AREA-LINZ-1553,sydenham,Canterbury Region,13,Suburb,false,Canonical
Tai Tapu,AREA-LINZ-1571,tai tapu,Canterbury Region,13,Rural locality,false,Canonical
Taiko,AREA-LINZ-1566,taiko,Canterbury Region,13,Rural locality,false,Canonical
Takamatua,AREA-LINZ-1574,takamatua,Canterbury Region,13,Rural locality,false,Canonical
Tasman River,AREA-LINZ-8850,tasman river,Canterbury Region,13,Rural locality,false,Canonical
Te Oka,AREA-LINZ-2127,te oka,Canterbury Region,13,Rural locality,false,Canonical
Te Onepoto / Taylors Mistake,AREA-LINZ-8931,te onepoto / taylors mistake,Canterbury Region,13,Suburb,false,Canonical
Te Rāpaki-o-Te Rakiwhakaputa,AREA-LINZ-1373,te rapaki-o-te rakiwhakaputa,Canterbury Region,13,Rural locality,false,Canonical
Teddington,AREA-LINZ-1654,teddington,Canterbury Region,13,Rural locality,false,Canonical
Tekapo,AREA-LINZ-2387,tekapo,Canterbury Region,13,Rural locality,false,Canonical
Tekoa Range,AREA-LINZ-1655,tekoa range,Canterbury Region,13,Rural locality,false,Canonical
Templeton,AREA-LINZ-1656,templeton,Canterbury Region,13,Suburb,false,Canonical
Temuka,AREA-LINZ-1657,temuka,Canterbury Region,13,Suburb,false,Canonical
Teviotdale,AREA-LINZ-1661,teviotdale,Canterbury Region,13,Rural locality,false,Canonical
The Peaks,AREA-LINZ-1667,the peaks,Canterbury Region,13,Rural locality,false,Canonical
The Pines Beach,AREA-LINZ-1253,the pines beach,Canterbury Region,13,Suburb,false,Canonical
Timaru,AREA-LINZ-8809,timaru,Canterbury Region,13,Suburb,false,Canonical
Timaru Port,AREA-LINZ-1683,timaru port,Canterbury Region,13,Suburb,false,Canonical
Tinwald,AREA-LINZ-1688,tinwald,Canterbury Region,13,Suburb,false,Canonical
Totara Peak,AREA-LINZ-4058,totara peak,Canterbury Region,13,Rural locality,false,Canonical
Totara Valley,AREA-LINZ-1722,totara valley,Canterbury Region,13,Rural locality,false,Canonical
Tuahiwi,AREA-LINZ-1728,tuahiwi,Canterbury Region,13,Rural locality,false,Canonical
Twizel,AREA-LINZ-8657,twizel,Canterbury Region,13,Suburb,false,Canonical
Upper Riccarton,AREA-LINZ-1754,upper riccarton,Canterbury Region,13,Suburb,false,Canonical
Valetta,AREA-LINZ-1760,valetta,Canterbury Region,13,Rural locality,false,Canonical
View Hill,AREA-LINZ-1761,view hill,Canterbury Region,13,Rural locality,false,Canonical
Virginia,AREA-LINZ-1762,virginia,Canterbury Region,13,Rural locality,false,Canonical
Waddington,AREA-LINZ-8705,waddington,Canterbury Region,13,Suburb,false,Canonical
Waiau,AREA-LINZ-1770,waiau,Canterbury Region,13,Suburb,false,Canonical
Waihao Downs,AREA-LINZ-1774,waihao downs,Canterbury Region,13,Rural locality,false,Canonical
Waihaorunga,AREA-LINZ-1775,waihaorunga,Canterbury Region,13,Rural locality,false,Canonical
Waikari,AREA-LINZ-1787,waikari,Canterbury Region,13,Suburb,false,Canonical
Waikaura,AREA-LINZ-1789,waikaura,Canterbury Region,13,Rural locality,false,Canonical
Waikuku,AREA-LINZ-1798,waikuku,Canterbury Region,13,Rural locality,false,Canonical
Waikuku Beach,AREA-LINZ-1799,waikuku beach,Canterbury Region,13,Suburb,false,Canonical
Waimairi Beach,AREA-LINZ-1803,waimairi beach,Canterbury Region,13,Suburb,false,Canonical
Waimataitai,AREA-LINZ-1806,waimataitai,Canterbury Region,13,Suburb,false,Canonical
Waimate,AREA-LINZ-1807,waimate,Canterbury Region,13,Suburb,false,Canonical
Wainoni,AREA-LINZ-1816,wainoni,Canterbury Region,13,Suburb,false,Canonical
Wainui,AREA-LINZ-1817,wainui,Canterbury Region,13,Rural locality,false,Canonical
Waipapa Bay,AREA-LINZ-2465,waipapa bay,Canterbury Region,13,Rural locality,false,Canonical
Waipara,AREA-LINZ-1830,waipara,Canterbury Region,13,Rural locality,false,Canonical
Waitohi,AREA-LINZ-1858,waitohi,Canterbury Region,13,Rural locality,false,Canonical
Wakanui,AREA-LINZ-1869,wakanui,Canterbury Region,13,Rural locality,false,Canonical
Waltham,AREA-LINZ-1878,waltham,Canterbury Region,13,Suburb,false,Canonical
Washdyke,AREA-LINZ-1884,washdyke,Canterbury Region,13,Suburb,false,Canonical
Washdyke Flat,AREA-LINZ-1885,washdyke flat,Canterbury Region,13,Rural locality,false,Canonical
Watlington,AREA-LINZ-1888,watlington,Canterbury Region,13,Suburb,false,Canonical
Weka Pass,AREA-LINZ-1895,weka pass,Canterbury Region,13,Rural locality,false,Canonical
West End,AREA-LINZ-1903,west end,Canterbury Region,13,Suburb,false,Canonical
West Eyreton,AREA-LINZ-1905,west eyreton,Canterbury Region,13,Rural locality,false,Canonical
West Melton,AREA-LINZ-1907,west melton,Canterbury Region,13,Rural locality,false,Canonical
Westerfield,AREA-LINZ-1910,westerfield,Canterbury Region,13,Rural locality,false,Canonical
Westmorland,AREA-LINZ-1913,westmorland,Canterbury Region,13,Suburb,false,Canonical
Whitecliffs,AREA-LINZ-8969,whitecliffs,Canterbury Region,13,Rural locality,false,Canonical
Wigram,AREA-LINZ-1943,wigram,Canterbury Region,13,Suburb,false,Canonical
Willowby,AREA-LINZ-1946,willowby,Canterbury Region,13,Rural locality,false,Canonical
Winchester,AREA-LINZ-8843,winchester,Canterbury Region,13,Suburb,false,Canonical
Winchmore,AREA-LINZ-1949,winchmore,Canterbury Region,13,Rural locality,false,Canonical
Windwhistle,AREA-LINZ-1953,windwhistle,Canterbury Region,13,Rural locality,false,Canonical
Winslow,AREA-LINZ-1954,winslow,Canterbury Region,13,Rural locality,false,Canonical
Woodbury,AREA-LINZ-1961,woodbury,Canterbury Region,13,Rural locality,false,Canonical
Woodend,AREA-LINZ-1963,woodend,Canterbury Region,13,Suburb,false,Canonical
Woodend Beach,AREA-LINZ-1964,woodend beach,Canterbury Region,13,Suburb,false,Canonical
Woolston,AREA-LINZ-1973,woolston,Canterbury Region,13,Suburb,false,Canonical
Yaldhurst,AREA-LINZ-1978,yaldhurst,Canterbury Region,13,Suburb,false,Canonical
Abbotsford,AREA-LINZ-2058,abbotsford,Otago Region,14,Suburb,false,Canonical
Ahuriri Flat,AREA-LINZ-2504,ahuriri flat,Otago Region,14,Rural locality,false,Canonical
Airedale,AREA-LINZ-8,airedale,Otago Region,14,Rural locality,false,Canonical
Akatore,AREA-LINZ-13,akatore,Otago Region,14,Rural locality,false,Canonical
Albert Town,AREA-LINZ-4051,albert town,Otago Region,14,Rural locality,false,Canonical
Alexandra,AREA-LINZ-2059,alexandra,Otago Region,14,Suburb,false,Canonical
Allanton,AREA-LINZ-20,allanton,Otago Region,14,Rural locality,false,Canonical
Alma,AREA-LINZ-23,alma,Otago Region,14,Rural locality,false,Canonical
Andersons Bay,AREA-LINZ-2061,andersons bay,Otago Region,14,Suburb,false,Canonical
Aramoana,AREA-LINZ-2482,aramoana,Otago Region,14,Rural locality,false,Canonical
Ardgowan,AREA-LINZ-44,ardgowan,Otago Region,14,Suburb,false,Canonical
Arrow Junction,AREA-LINZ-52,arrow junction,Otago Region,14,Rural locality,false,Canonical
Arrowtown,AREA-LINZ-2063,arrowtown,Otago Region,14,Suburb,false,Canonical
Arthurs Point,AREA-LINZ-2065,arthurs point,Otago Region,14,Rural locality,false,Canonical
Ashley Downs,AREA-LINZ-61,ashley downs,Otago Region,14,Rural locality,false,Canonical
Awamangu,AREA-LINZ-80,awamangu,Otago Region,14,Rural locality,false,Canonical
Awamoa,AREA-LINZ-81,awamoa,Otago Region,14,Rural locality,false,Canonical
Awamoko,AREA-LINZ-82,awamoko,Otago Region,14,Rural locality,false,Canonical
Balaclava,AREA-LINZ-91,balaclava,Otago Region,14,Suburb,false,Canonical
Balclutha,AREA-LINZ-92,balclutha,Otago Region,14,Suburb,false,Canonical
Bannockburn,AREA-LINZ-2072,bannockburn,Otago Region,14,Rural locality,false,Canonical
Beaumont,AREA-LINZ-4055,beaumont,Otago Region,14,Rural locality,false,Canonical
Becks,AREA-LINZ-108,becks,Otago Region,14,Rural locality,false,Canonical
Belleknowes,AREA-LINZ-113,belleknowes,Otago Region,14,Suburb,false,Canonical
Ben Lomond,AREA-LINZ-2136,ben lomond,Otago Region,14,Rural locality,false,Canonical
Bendigo,AREA-LINZ-2074,bendigo,Otago Region,14,Rural locality,false,Canonical
Benhar,AREA-LINZ-2075,benhar,Otago Region,14,Rural locality,false,Canonical
Berwick,AREA-LINZ-2076,berwick,Otago Region,14,Rural locality,false,Canonical
Berwick Forest,AREA-LINZ-2137,berwick forest,Otago Region,14,Rural locality,false,Canonical
Blackhead,AREA-LINZ-133,blackhead,Otago Region,14,Suburb,false,Canonical
Blackmans,AREA-LINZ-2139,blackmans,Otago Region,14,Rural locality,false,Canonical
Blue Mountains,AREA-LINZ-141,blue mountains,Otago Region,14,Rural locality,false,Canonical
Bradford,AREA-LINZ-148,bradford,Otago Region,14,Suburb,false,Canonical
Bridge Hill,AREA-LINZ-2140,bridge hill,Otago Region,14,Suburb,false,Canonical
Brighton,AREA-LINZ-2501,brighton,Otago Region,14,Suburb,false,Canonical
Broad Bay,AREA-LINZ-2487,broad bay,Otago Region,14,Suburb,false,Canonical
Brockville,AREA-LINZ-160,brockville,Otago Region,14,Suburb,false,Canonical
Bucklands Crossing,AREA-LINZ-176,bucklands crossing,Otago Region,14,Rural locality,false,Canonical
Burnside,AREA-LINZ-180,burnside,Otago Region,14,Suburb,false,Canonical
Bushey,AREA-LINZ-185,bushey,Otago Region,14,Rural locality,false,Canonical
Butchers Gully,AREA-LINZ-2078,butchers gully,Otago Region,14,Rural locality,false,Canonical
Caberfeidh,AREA-LINZ-186,caberfeidh,Otago Region,14,Rural locality,false,Canonical
Calton Hill,AREA-LINZ-188,calton hill,Otago Region,14,Suburb,false,Canonical
Cambrians,AREA-LINZ-191,cambrians,Otago Region,14,Rural locality,false,Canonical
Cape Saunders,AREA-LINZ-2499,cape saunders,Otago Region,14,Rural locality,false,Canonical
Cardrona,AREA-LINZ-195,cardrona,Otago Region,14,Rural locality,false,Canonical
Careys Bay,AREA-LINZ-2483,careys bay,Otago Region,14,Suburb,false,Canonical
Cattle Flat,AREA-LINZ-4053,cattle flat,Otago Region,14,Rural locality,false,Canonical
Caversham,AREA-LINZ-210,caversham,Otago Region,14,Suburb,false,Canonical
Cecil Peak,AREA-LINZ-4095,cecil peak,Otago Region,14,Rural locality,false,Canonical
Chain Hills,AREA-LINZ-213,chain hills,Otago Region,14,Suburb,false,Canonical
Chaslands,AREA-LINZ-2302,chaslands,Otago Region,14,Rural locality,false,Canonical
Chatto Creek,AREA-LINZ-217,chatto creek,Otago Region,14,Rural locality,false,Canonical
Circle Hill,AREA-LINZ-226,circle hill,Otago Region,14,Rural locality,false,Canonical
Clarendon,AREA-LINZ-2082,clarendon,Otago Region,14,Rural locality,false,Canonical
Clarks Junction,AREA-LINZ-231,clarks junction,Otago Region,14,Rural locality,false,Canonical
Clifton,AREA-LINZ-238,clifton,Otago Region,14,Rural locality,false,Canonical
Clinton,AREA-LINZ-239,clinton,Otago Region,14,Suburb,false,Canonical
Closeburn,AREA-LINZ-2083,closeburn,Otago Region,14,Rural locality,false,Canonical
Clyde,AREA-LINZ-2145,clyde,Otago Region,14,Suburb,false,Canonical
Clyde Hill,AREA-LINZ-242,clyde hill,Otago Region,14,Suburb,false,Canonical
Clydevale,AREA-LINZ-243,clydevale,Otago Region,14,Rural locality,false,Canonical
Coal Creek Flat,AREA-LINZ-2084,coal creek flat,Otago Region,14,Rural locality,false,Canonical
Company Bay,AREA-LINZ-2492,company bay,Otago Region,14,Suburb,false,Canonical
Concord,AREA-LINZ-252,concord,Otago Region,14,Suburb,false,Canonical
Conical Hill,AREA-LINZ-253,conical hill,Otago Region,14,Rural locality,false,Canonical
Conroys Gully,AREA-LINZ-2304,conroys gully,Otago Region,14,Rural locality,false,Canonical
Cormacks,AREA-LINZ-257,cormacks,Otago Region,14,Rural locality,false,Canonical
Cornish Point,AREA-LINZ-2085,cornish point,Otago Region,14,Rural locality,false,Canonical
Coronet Peak,AREA-LINZ-2305,coronet peak,Otago Region,14,Rural locality,false,Canonical
Corriedale,AREA-LINZ-260,corriedale,Otago Region,14,Rural locality,false,Canonical
Corstorphine,AREA-LINZ-262,corstorphine,Otago Region,14,Suburb,false,Canonical
Craigellachie,AREA-LINZ-2086,craigellachie,Otago Region,14,Rural locality,false,Canonical
Crichton,AREA-LINZ-266,crichton,Otago Region,14,Rural locality,false,Canonical
Cromwell,AREA-LINZ-2146,cromwell,Otago Region,14,Suburb,false,Canonical
Cromwell Gorge,AREA-LINZ-2306,cromwell gorge,Otago Region,14,Rural locality,false,Canonical
Crookston,AREA-LINZ-268,crookston,Otago Region,14,Rural locality,false,Canonical
Crossans Corner,AREA-LINZ-269,crossans corner,Otago Region,14,Rural locality,false,Canonical
Dalefield,AREA-LINZ-2147,dalefield,Otago Region,14,Rural locality,false,Canonical
Dalmore,AREA-LINZ-279,dalmore,Otago Region,14,Suburb,false,Canonical
Deborah,AREA-LINZ-286,deborah,Otago Region,14,Rural locality,false,Canonical
Deborah Bay,AREA-LINZ-2484,deborah bay,Otago Region,14,Rural locality,false,Canonical
Devils Staircase,AREA-LINZ-4093,devils staircase,Otago Region,14,Rural locality,false,Canonical
Dingle Burn,AREA-LINZ-4063,dingle burn,Otago Region,14,Rural locality,false,Canonical
Drift Bay,AREA-LINZ-8884,drift bay,Otago Region,14,Rural locality,false,Canonical
Drybread,AREA-LINZ-307,drybread,Otago Region,14,Rural locality,false,Canonical
Dumbarton,AREA-LINZ-2092,dumbarton,Otago Region,14,Rural locality,false,Canonical
Dunback,AREA-LINZ-309,dunback,Otago Region,14,Rural locality,false,Canonical
Dunedin Central,AREA-LINZ-311,dunedin central,Otago Region,14,Suburb,false,Canonical
Dunrobin,AREA-LINZ-313,dunrobin,Otago Region,14,Rural locality,false,Canonical
Earnscleugh,AREA-LINZ-2346,earnscleugh,Otago Region,14,Rural locality,false,Canonical
East Taieri,AREA-LINZ-324,east taieri,Otago Region,14,Suburb,false,Canonical
Edievale,AREA-LINZ-333,edievale,Otago Region,14,Rural locality,false,Canonical
Elderslie,AREA-LINZ-338,elderslie,Otago Region,14,Rural locality,false,Canonical
Elfin Bay,AREA-LINZ-2093,elfin bay,Otago Region,14,Rural locality,false,Canonical
Enfield,AREA-LINZ-347,enfield,Otago Region,14,Rural locality,false,Canonical
Ettrick,AREA-LINZ-2152,ettrick,Otago Region,14,Rural locality,false,Canonical
Evans Flat,AREA-LINZ-355,evans flat,Otago Region,14,Rural locality,false,Canonical
Evansdale,AREA-LINZ-356,evansdale,Otago Region,14,Rural locality,false,Canonical
Fairfield,AREA-LINZ-361,fairfield,Otago Region,14,Suburb,false,Canonical
Fernhill,AREA-LINZ-2095,fernhill,Otago Region,14,Suburb,false,Canonical
Finegand,AREA-LINZ-381,finegand,Otago Region,14,Rural locality,false,Canonical
Five Forks,AREA-LINZ-385,five forks,Otago Region,14,Rural locality,false,Canonical
Flag Swamp,AREA-LINZ-387,flag swamp,Otago Region,14,Rural locality,false,Canonical
Forbury,AREA-LINZ-391,forbury,Otago Region,14,Suburb,false,Canonical
Forsyth,AREA-LINZ-2308,forsyth,Otago Region,14,Rural locality,false,Canonical
Frankton,AREA-LINZ-2098,frankton,Otago Region,14,Suburb,false,Canonical
Fraser Dam,AREA-LINZ-2099,fraser dam,Otago Region,14,Rural locality,false,Canonical
Fruitlands,AREA-LINZ-2158,fruitlands,Otago Region,14,Rural locality,false,Canonical
Fuchsia Creek,AREA-LINZ-404,fuchsia creek,Otago Region,14,Rural locality,false,Canonical
Gabriels Gully,AREA-LINZ-2159,gabriels gully,Otago Region,14,Rural locality,false,Canonical
Galloway,AREA-LINZ-2100,galloway,Otago Region,14,Rural locality,false,Canonical
Georgetown,AREA-LINZ-407,georgetown,Otago Region,14,Rural locality,false,Canonical
Gibbston,AREA-LINZ-2102,gibbston,Otago Region,14,Rural locality,false,Canonical
Gimmerburn,AREA-LINZ-412,gimmerburn,Otago Region,14,Rural locality,false,Canonical
Glendhu Bay,AREA-LINZ-2309,glendhu bay,Otago Region,14,Rural locality,false,Canonical
Glendhu Forest,AREA-LINZ-2749,glendhu forest,Otago Region,14,Rural locality,false,Canonical
Glenkenich,AREA-LINZ-433,glenkenich,Otago Region,14,Rural locality,false,Canonical
Glenledi,AREA-LINZ-434,glenledi,Otago Region,14,Rural locality,false,Canonical
Glenleith,AREA-LINZ-2103,glenleith,Otago Region,14,Suburb,false,Canonical
Glenomaru Valley,AREA-LINZ-436,glenomaru valley,Otago Region,14,Rural locality,false,Canonical
Glenorchy,AREA-LINZ-2104,glenorchy,Otago Region,14,Rural locality,false,Canonical
Glenore,AREA-LINZ-437,glenore,Otago Region,14,Rural locality,false,Canonical
Glenpark,AREA-LINZ-438,glenpark,Otago Region,14,Rural locality,false,Canonical
Glenross,AREA-LINZ-439,glenross,Otago Region,14,Suburb,false,Canonical
Goodwood,AREA-LINZ-6541,goodwood,Otago Region,14,Rural locality,false,Canonical
Green Island,AREA-LINZ-463,green island,Otago Region,14,Suburb,false,Canonical
Green Valley,AREA-LINZ-464,green valley,Otago Region,14,Rural locality,false,Canonical
Greenfield,AREA-LINZ-4064,greenfield,Otago Region,14,Rural locality,false,Canonical
Greenstone,AREA-LINZ-2310,greenstone,Otago Region,14,Rural locality,false,Canonical
Halfway Bay,AREA-LINZ-4096,halfway bay,Otago Region,14,Rural locality,false,Canonical
Halfway Bush,AREA-LINZ-489,halfway bush,Otago Region,14,Suburb,false,Canonical
Hampden,AREA-LINZ-492,hampden,Otago Region,14,Suburb,false,Canonical
Harington Point,AREA-LINZ-2485,harington point,Otago Region,14,Rural locality,false,Canonical
Harwood,AREA-LINZ-504,harwood,Otago Region,14,Rural locality,false,Canonical
Hāwea Flat,AREA-LINZ-512,hawea flat,Otago Region,14,Rural locality,false,Canonical
Helensburgh,AREA-LINZ-2165,helensburgh,Otago Region,14,Suburb,false,Canonical
Henley,AREA-LINZ-2313,henley,Otago Region,14,Rural locality,false,Canonical
Herbert,AREA-LINZ-2472,herbert,Otago Region,14,Rural locality,false,Canonical
Heriot,AREA-LINZ-529,heriot,Otago Region,14,Rural locality,false,Canonical
Heyward Point,AREA-LINZ-530,heyward point,Otago Region,14,Rural locality,false,Canonical
Highcliff,AREA-LINZ-2167,highcliff,Otago Region,14,Suburb,false,Canonical
Hilderthorpe,AREA-LINZ-539,hilderthorpe,Otago Region,14,Rural locality,false,Canonical
Hillend,AREA-LINZ-542,hillend,Otago Region,14,Rural locality,false,Canonical
Hillgrove,AREA-LINZ-2473,hillgrove,Otago Region,14,Rural locality,false,Canonical
Hills Creek,AREA-LINZ-544,hills creek,Otago Region,14,Rural locality,false,Canonical
Hinahina,AREA-LINZ-4066,hinahina,Otago Region,14,Rural locality,false,Canonical
Hindon,AREA-LINZ-549,hindon,Otago Region,14,Rural locality,false,Canonical
Holmes Hill,AREA-LINZ-560,holmes hill,Otago Region,14,Suburb,false,Canonical
Hunter Valley,AREA-LINZ-586,hunter valley,Otago Region,14,Rural locality,false,Canonical
Hyde,AREA-LINZ-592,hyde,Otago Region,14,Rural locality,false,Canonical
Ida Valley,AREA-LINZ-2108,ida valley,Otago Region,14,Rural locality,false,Canonical
Idaburn,AREA-LINZ-2109,idaburn,Otago Region,14,Rural locality,false,Canonical
Inch Clutha,AREA-LINZ-6533,inch clutha,Otago Region,14,Rural locality,false,Canonical
Inch Valley,AREA-LINZ-599,inch valley,Otago Region,14,Rural locality,false,Canonical
Incholme,AREA-LINZ-600,incholme,Otago Region,14,Rural locality,false,Canonical
Island Block,AREA-LINZ-607,island block,Otago Region,14,Rural locality,false,Canonical
Island Cliff,AREA-LINZ-609,island cliff,Otago Region,14,Rural locality,false,Canonical
Island Stream,AREA-LINZ-610,island stream,Otago Region,14,Rural locality,false,Canonical
Jacks Point,AREA-LINZ-8883,jacks point,Otago Region,14,Rural locality,false,Canonical
John Creek,AREA-LINZ-2161,john creek,Otago Region,14,Rural locality,false,Canonical
Johnston,AREA-LINZ-616,johnston,Otago Region,14,Rural locality,false,Canonical
Kaihiku,AREA-LINZ-626,kaihiku,Otago Region,14,Rural locality,false,Canonical
Kaikorai,AREA-LINZ-628,kaikorai,Otago Region,14,Suburb,false,Canonical
Kaitangata,AREA-LINZ-2181,kaitangata,Otago Region,14,Suburb,false,Canonical
Kaka Point,AREA-LINZ-2505,kaka point,Otago Region,14,Rural locality,false,Canonical
Kakanui,AREA-LINZ-2471,kakanui,Otago Region,14,Rural locality,false,Canonical
Kakapuaka,AREA-LINZ-649,kakapuaka,Otago Region,14,Rural locality,false,Canonical
Karitane,AREA-LINZ-2475,karitane,Otago Region,14,Rural locality,false,Canonical
Katea,AREA-LINZ-663,katea,Otago Region,14,Rural locality,false,Canonical
Kauru Hill,AREA-LINZ-668,kauru hill,Otago Region,14,Rural locality,false,Canonical
Kawarau Falls,AREA-LINZ-2185,kawarau falls,Otago Region,14,Rural locality,false,Canonical
Kawarau Gorge,AREA-LINZ-2315,kawarau gorge,Otago Region,14,Rural locality,false,Canonical
Kelso,AREA-LINZ-671,kelso,Otago Region,14,Rural locality,false,Canonical
Kelvin Heights,AREA-LINZ-2316,kelvin heights,Otago Region,14,Suburb,false,Canonical
Kenmure,AREA-LINZ-675,kenmure,Otago Region,14,Suburb,false,Canonical
Kensington,AREA-LINZ-678,kensington,Otago Region,14,Suburb,false,Canonical
Kew,AREA-LINZ-685,kew,Otago Region,14,Suburb,false,Canonical
Kia Ora,AREA-LINZ-687,kia ora,Otago Region,14,Rural locality,false,Canonical
Kinloch,AREA-LINZ-2350,kinloch,Otago Region,14,Rural locality,false,Canonical
Kinmont Park,AREA-LINZ-699,kinmont park,Otago Region,14,Suburb,false,Canonical
Knobby Range,AREA-LINZ-4013,knobby range,Otago Region,14,Rural locality,false,Canonical
Kokonga,AREA-LINZ-710,kokonga,Otago Region,14,Rural locality,false,Canonical
Kononi,AREA-LINZ-714,kononi,Otago Region,14,Rural locality,false,Canonical
Kuri Bush,AREA-LINZ-2502,kuri bush,Otago Region,14,Rural locality,false,Canonical
Kuriwao,AREA-LINZ-729,kuriwao,Otago Region,14,Rural locality,false,Canonical
Kyeburn,AREA-LINZ-730,kyeburn,Otago Region,14,Rural locality,false,Canonical
Kyeburn Diggings,AREA-LINZ-731,kyeburn diggings,Otago Region,14,Rural locality,false,Canonical
Lagoon Valley,AREA-LINZ-734,lagoon valley,Otago Region,14,Rural locality,false,Canonical
Lake Hāwea,AREA-LINZ-2312,lake hawea,Otago Region,14,Rural locality,false,Canonical
Lake Hayes,AREA-LINZ-2192,lake hayes,Otago Region,14,Rural locality,false,Canonical
Lake Onslow,AREA-LINZ-2372,lake onslow,Otago Region,14,Rural locality,false,Canonical
Lake Roxburgh Village,AREA-LINZ-2195,lake roxburgh village,Otago Region,14,Rural locality,false,Canonical
Lammermoor,AREA-LINZ-2196,lammermoor,Otago Region,14,Rural locality,false,Canonical
Larnachs Castle,AREA-LINZ-1302,larnachs castle,Otago Region,14,Suburb,false,Canonical
Lauder,AREA-LINZ-737,lauder,Otago Region,14,Rural locality,false,Canonical
Lawrence,AREA-LINZ-2420,lawrence,Otago Region,14,Suburb,false,Canonical
Lawyers Head,AREA-LINZ-739,lawyers head,Otago Region,14,Suburb,false,Canonical
Lee Flat,AREA-LINZ-2197,lee flat,Otago Region,14,Rural locality,false,Canonical
Lee Stream,AREA-LINZ-741,lee stream,Otago Region,14,Rural locality,false,Canonical
Leith Valley,AREA-LINZ-2320,leith valley,Otago Region,14,Suburb,false,Canonical
Leithen Bush,AREA-LINZ-744,leithen bush,Otago Region,14,Rural locality,false,Canonical
Letts Gully,AREA-LINZ-746,letts gully,Otago Region,14,Suburb,false,Canonical
Liberton,AREA-LINZ-749,liberton,Otago Region,14,Suburb,false,Canonical
Lindis Pass,AREA-LINZ-2322,lindis pass,Otago Region,14,Rural locality,false,Canonical
Lindis Valley,AREA-LINZ-753,lindis valley,Otago Region,14,Rural locality,false,Canonical
Little Valley,AREA-LINZ-2421,little valley,Otago Region,14,Rural locality,false,Canonical
Livingstone,AREA-LINZ-758,livingstone,Otago Region,14,Rural locality,false,Canonical
Lochindorb,AREA-LINZ-760,lochindorb,Otago Region,14,Rural locality,false,Canonical
Long Beach,AREA-LINZ-8917,long beach,Otago Region,14,Rural locality,false,Canonical
Lookout Point,AREA-LINZ-770,lookout point,Otago Region,14,Suburb,false,Canonical
Lovells Flat,AREA-LINZ-2323,lovells flat,Otago Region,14,Rural locality,false,Canonical
Lowburn,AREA-LINZ-2114,lowburn,Otago Region,14,Rural locality,false,Canonical
Lower Nevis,AREA-LINZ-2356,lower nevis,Otago Region,14,Rural locality,false,Canonical
Lower Portobello,AREA-LINZ-2496,lower portobello,Otago Region,14,Rural locality,false,Canonical
Lower Shotover,AREA-LINZ-2357,lower shotover,Otago Region,14,Rural locality,false,Canonical
Luggate,AREA-LINZ-2200,luggate,Otago Region,14,Rural locality,false,Canonical
Macandrew Bay,AREA-LINZ-2489,macandrew bay,Otago Region,14,Suburb,false,Canonical
Macetown,AREA-LINZ-2202,macetown,Otago Region,14,Rural locality,false,Canonical
Maclennan,AREA-LINZ-786,maclennan,Otago Region,14,Rural locality,false,Canonical
Macraes,AREA-LINZ-787,macraes,Otago Region,14,Rural locality,false,Canonical
Maheno,AREA-LINZ-792,maheno,Otago Region,14,Rural locality,false,Canonical
Maia,AREA-LINZ-8841,maia,Otago Region,14,Suburb,false,Canonical
Mākareao,AREA-LINZ-806,makareao,Otago Region,14,Rural locality,false,Canonical
Makarora,AREA-LINZ-2325,makarora,Otago Region,14,Rural locality,false,Canonical
Manorburn,AREA-LINZ-2205,manorburn,Otago Region,14,Rural locality,false,Canonical
Manuka Creek,AREA-LINZ-840,manuka creek,Otago Region,14,Rural locality,false,Canonical
Maori Hill,AREA-LINZ-847,maori hill,Otago Region,14,Suburb,false,Canonical
Maraeweka,AREA-LINZ-788,maraeweka,Otago Region,14,Rural locality,false,Canonical
Maryhill,AREA-LINZ-867,maryhill,Otago Region,14,Suburb,false,Canonical
Matakanui,AREA-LINZ-876,matakanui,Otago Region,14,Rural locality,false,Canonical
McEwens Bush,AREA-LINZ-2118,mcewens bush,Otago Region,14,Rural locality,false,Canonical
Meadowbank,AREA-LINZ-908,meadowbank,Otago Region,14,Rural locality,false,Canonical
Merino Downs,AREA-LINZ-918,merino downs,Otago Region,14,Rural locality,false,Canonical
Merton,AREA-LINZ-922,merton,Otago Region,14,Rural locality,false,Canonical
Middlemarch,AREA-LINZ-2326,middlemarch,Otago Region,14,Rural locality,false,Canonical
Mihiwaka,AREA-LINZ-2479,mihiwaka,Otago Region,14,Rural locality,false,Canonical
Milburn,AREA-LINZ-930,milburn,Otago Region,14,Rural locality,false,Canonical
Millers Flat,AREA-LINZ-4090,millers flat,Otago Region,14,Rural locality,false,Canonical
Milton,AREA-LINZ-936,milton,Otago Region,14,Suburb,false,Canonical
Minaret Bay,AREA-LINZ-2119,minaret bay,Otago Region,14,Rural locality,false,Canonical
Moa Creek,AREA-LINZ-2327,moa creek,Otago Region,14,Rural locality,false,Canonical
Moa Flat,AREA-LINZ-941,moa flat,Otago Region,14,Rural locality,false,Canonical
Moeraki,AREA-LINZ-945,moeraki,Otago Region,14,Rural locality,false,Canonical
Momona,AREA-LINZ-951,momona,Otago Region,14,Rural locality,false,Canonical
Moonlight,AREA-LINZ-2362,moonlight,Otago Region,14,Rural locality,false,Canonical
Moonlight,AREA-LINZ-955,moonlight,Otago Region,14,Rural locality,false,Canonical
Mornington,AREA-LINZ-959,mornington,Otago Region,14,Suburb,false,Canonical
Morrisons,AREA-LINZ-961,morrisons,Otago Region,14,Rural locality,false,Canonical
Mosgiel,AREA-LINZ-965,mosgiel,Otago Region,14,Suburb,false,Canonical
Mount Allan,AREA-LINZ-976,mount allan,Otago Region,14,Rural locality,false,Canonical
Mount Aspiring,AREA-LINZ-977,mount aspiring,Otago Region,14,Rural locality,false,Canonical
Mount Cargill,AREA-LINZ-980,mount cargill,Otago Region,14,Rural locality,false,Canonical
Mount Creighton,AREA-LINZ-2329,mount creighton,Otago Region,14,Rural locality,false,Canonical
Mount Earnslaw,AREA-LINZ-2212,mount earnslaw,Otago Region,14,Rural locality,false,Canonical
Mount Fortune,AREA-LINZ-982,mount fortune,Otago Region,14,Rural locality,false,Canonical
Mount Grand,AREA-LINZ-2213,mount grand,Otago Region,14,Suburb,false,Canonical
Mount Nicholas,AREA-LINZ-2423,mount nicholas,Otago Region,14,Rural locality,false,Canonical
Mount Pisa,AREA-LINZ-2365,mount pisa,Otago Region,14,Rural locality,false,Canonical
Mount Stalker,AREA-LINZ-990,mount stalker,Otago Region,14,Rural locality,false,Canonical
Mount Stoker,AREA-LINZ-991,mount stoker,Otago Region,14,Rural locality,false,Canonical
Mount Trotter,AREA-LINZ-992,mount trotter,Otago Region,14,Rural locality,false,Canonical
Musselburgh,AREA-LINZ-2495,musselburgh,Otago Region,14,Suburb,false,Canonical
Naseby,AREA-LINZ-2214,naseby,Otago Region,14,Rural locality,false,Canonical
Nenthorn,AREA-LINZ-1008,nenthorn,Otago Region,14,Rural locality,false,Canonical
Nevis,AREA-LINZ-2424,nevis,Otago Region,14,Rural locality,false,Canonical
New Haven,AREA-LINZ-1012,new haven,Otago Region,14,Rural locality,false,Canonical
Ngapara,AREA-LINZ-1028,ngapara,Otago Region,14,Rural locality,false,Canonical
Ngapuna,AREA-LINZ-1030,ngapuna,Otago Region,14,Rural locality,false,Canonical
Normanby,AREA-LINZ-1048,normanby,Otago Region,14,Suburb,false,Canonical
North Dunedin,AREA-LINZ-8799,north dunedin,Otago Region,14,Suburb,false,Canonical
North East Valley,AREA-LINZ-1054,north east valley,Otago Region,14,Suburb,false,Canonical
North Taieri,AREA-LINZ-1057,north taieri,Otago Region,14,Rural locality,false,Canonical
Northburn,AREA-LINZ-2425,northburn,Otago Region,14,Rural locality,false,Canonical
Oamaru,AREA-LINZ-8807,oamaru,Otago Region,14,Suburb,false,Canonical
Oamaru North,AREA-LINZ-4046,oamaru north,Otago Region,14,Suburb,false,Canonical
Ocean Grove,AREA-LINZ-2332,ocean grove,Otago Region,14,Suburb,false,Canonical
Ocean View,AREA-LINZ-8762,ocean view,Otago Region,14,Suburb,false,Canonical
Okia Flat,AREA-LINZ-1092,okia flat,Otago Region,14,Rural locality,false,Canonical
Omakau,AREA-LINZ-1099,omakau,Otago Region,14,Rural locality,false,Canonical
Omimi,AREA-LINZ-2476,omimi,Otago Region,14,Rural locality,false,Canonical
Ophir,AREA-LINZ-1115,ophir,Otago Region,14,Rural locality,false,Canonical
Opoho,AREA-LINZ-1118,opoho,Otago Region,14,Suburb,false,Canonical
Orangapai,AREA-LINZ-1123,orangapai,Otago Region,14,Rural locality,false,Canonical
Osborne,AREA-LINZ-2481,osborne,Otago Region,14,Rural locality,false,Canonical
Otakou,AREA-LINZ-2486,otakou,Otago Region,14,Rural locality,false,Canonical
Otanomomo,AREA-LINZ-6534,otanomomo,Otago Region,14,Rural locality,false,Canonical
Oturehua,AREA-LINZ-2222,oturehua,Otago Region,14,Rural locality,false,Canonical
Outram,AREA-LINZ-1172,outram,Otago Region,14,Suburb,false,Canonical
Owaka,AREA-LINZ-2334,owaka,Otago Region,14,Suburb,false,Canonical
Owaka Valley,AREA-LINZ-1173,owaka valley,Otago Region,14,Rural locality,false,Canonical
Owhiro,AREA-LINZ-1176,owhiro,Otago Region,14,Rural locality,false,Canonical
Paerau,AREA-LINZ-2123,paerau,Otago Region,14,Rural locality,false,Canonical
Palmerston,AREA-LINZ-1192,palmerston,Otago Region,14,Suburb,false,Canonical
Papakaio,AREA-LINZ-1194,papakaio,Otago Region,14,Rural locality,false,Canonical
Papatowai,AREA-LINZ-2374,papatowai,Otago Region,14,Rural locality,false,Canonical
Paretai,AREA-LINZ-4103,paretai,Otago Region,14,Rural locality,false,Canonical
Park Hill,AREA-LINZ-1217,park hill,Otago Region,14,Rural locality,false,Canonical
Patearoa,AREA-LINZ-1225,patearoa,Otago Region,14,Rural locality,false,Canonical
Peebles,AREA-LINZ-1231,peebles,Otago Region,14,Rural locality,false,Canonical
Pine Hill,AREA-LINZ-1249,pine hill,Otago Region,14,Suburb,false,Canonical
Pomahaka,AREA-LINZ-1276,pomahaka,Otago Region,14,Rural locality,false,Canonical
Poolburn,AREA-LINZ-1280,poolburn,Otago Region,14,Rural locality,false,Canonical
Popotunoa,AREA-LINZ-1281,popotunoa,Otago Region,14,Rural locality,false,Canonical
Port Chalmers,AREA-LINZ-1287,port chalmers,Otago Region,14,Suburb,false,Canonical
Portobello,AREA-LINZ-2498,portobello,Otago Region,14,Suburb,false,Canonical
Pukeawa,AREA-LINZ-1300,pukeawa,Otago Region,14,Rural locality,false,Canonical
Pukerangi,AREA-LINZ-1315,pukerangi,Otago Region,14,Rural locality,false,Canonical
Puketi,AREA-LINZ-1322,puketi,Otago Region,14,Rural locality,false,Canonical
Puketiro,AREA-LINZ-1323,puketiro,Otago Region,14,Rural locality,false,Canonical
Puketoi,AREA-LINZ-1325,puketoi,Otago Region,14,Rural locality,false,Canonical
Pukeuri,AREA-LINZ-1328,pukeuri,Otago Region,14,Rural locality,false,Canonical
Purakauiti,AREA-LINZ-1335,purakauiti,Otago Region,14,Rural locality,false,Canonical
Purakaunui,AREA-LINZ-4105,purakaunui,Otago Region,14,Rural locality,false,Canonical
Pūrākaunui,AREA-LINZ-2480,purakaunui,Otago Region,14,Rural locality,false,Canonical
Purekireki,AREA-LINZ-1337,purekireki,Otago Region,14,Rural locality,false,Canonical
Queens Flat,AREA-LINZ-1347,queens flat,Otago Region,14,Rural locality,false,Canonical
Queensberry,AREA-LINZ-2455,queensberry,Otago Region,14,Rural locality,false,Canonical
Queenstown,AREA-LINZ-2378,queenstown,Otago Region,14,Suburb,false,Canonical
Queenstown Hill,AREA-LINZ-2429,queenstown hill,Otago Region,14,Rural locality,false,Canonical
Raes Junction,AREA-LINZ-1350,raes junction,Otago Region,14,Rural locality,false,Canonical
Ranfurly,AREA-LINZ-1360,ranfurly,Otago Region,14,Suburb,false,Canonical
Rankleburn,AREA-LINZ-1370,rankleburn,Otago Region,14,Rural locality,false,Canonical
Ravensbourne,AREA-LINZ-1379,ravensbourne,Otago Region,14,Suburb,false,Canonical
Reidston,AREA-LINZ-1389,reidston,Otago Region,14,Rural locality,false,Canonical
Richmond,AREA-LINZ-1395,richmond,Otago Region,14,Rural locality,false,Canonical
Riverside,AREA-LINZ-1412,riverside,Otago Region,14,Rural locality,false,Canonical
Roaring Meg,AREA-LINZ-2431,roaring meg,Otago Region,14,Rural locality,false,Canonical
Rock and Pillar,AREA-LINZ-1420,rock and pillar,Otago Region,14,Rural locality,false,Canonical
Romahapa,AREA-LINZ-1425,romahapa,Otago Region,14,Rural locality,false,Canonical
Rongahere,AREA-LINZ-1426,rongahere,Otago Region,14,Rural locality,false,Canonical
Rosebery,AREA-LINZ-1429,rosebery,Otago Region,14,Rural locality,false,Canonical
Roseneath,AREA-LINZ-2490,roseneath,Otago Region,14,Suburb,false,Canonical
Roslyn,AREA-LINZ-1434,roslyn,Otago Region,14,Suburb,false,Canonical
Round Hill,AREA-LINZ-1442,round hill,Otago Region,14,Rural locality,false,Canonical
Roxburgh,AREA-LINZ-1443,roxburgh,Otago Region,14,Suburb,false,Canonical
Roxburgh East,AREA-LINZ-2379,roxburgh east,Otago Region,14,Rural locality,false,Canonical
Saddle Hill,AREA-LINZ-2747,saddle hill,Otago Region,14,Suburb,false,Canonical
Saint Bathans,AREA-LINZ-2456,saint bathans,Otago Region,14,Rural locality,false,Canonical
Saint Clair,AREA-LINZ-2500,saint clair,Otago Region,14,Suburb,false,Canonical
Saint Kilda,AREA-LINZ-1460,saint kilda,Otago Region,14,Suburb,false,Canonical
Saint Leonards,AREA-LINZ-1461,saint leonards,Otago Region,14,Suburb,false,Canonical
Sandymount,AREA-LINZ-2497,sandymount,Otago Region,14,Rural locality,false,Canonical
Sawyers Bay,AREA-LINZ-2494,sawyers bay,Otago Region,14,Suburb,false,Canonical
Scroggs Hill,AREA-LINZ-2748,scroggs hill,Otago Region,14,Suburb,false,Canonical
Seacliff,AREA-LINZ-1472,seacliff,Otago Region,14,Rural locality,false,Canonical
Serpentine,AREA-LINZ-2432,serpentine,Otago Region,14,Rural locality,false,Canonical
Shag Point,AREA-LINZ-2474,shag point,Otago Region,14,Rural locality,false,Canonical
Shannon,AREA-LINZ-1482,shannon,Otago Region,14,Rural locality,false,Canonical
Shiel Hill,AREA-LINZ-1486,shiel hill,Otago Region,14,Suburb,false,Canonical
Shingle Creek,AREA-LINZ-2433,shingle creek,Otago Region,14,Rural locality,false,Canonical
Skippers,AREA-LINZ-2457,skippers,Otago Region,14,Rural locality,false,Canonical
Slopedown,AREA-LINZ-1494,slopedown,Otago Region,14,Rural locality,false,Canonical
South Dunedin,AREA-LINZ-8813,south dunedin,Otago Region,14,Suburb,false,Canonical
South Hill,AREA-LINZ-1505,south hill,Otago Region,14,Suburb,false,Canonical
Speargrass Flat,AREA-LINZ-2463,speargrass flat,Otago Region,14,Rural locality,false,Canonical
Springvale,AREA-LINZ-2458,springvale,Otago Region,14,Rural locality,false,Canonical
Stirling,AREA-LINZ-2383,stirling,Otago Region,14,Suburb,false,Canonical
Stoneburn,AREA-LINZ-1536,stoneburn,Otago Region,14,Rural locality,false,Canonical
Stony Creek,AREA-LINZ-1537,stony creek,Otago Region,14,Rural locality,false,Canonical
Summer Hill,AREA-LINZ-4108,summer hill,Otago Region,14,Rural locality,false,Canonical
Sunshine Bay,AREA-LINZ-2338,sunshine bay,Otago Region,14,Suburb,false,Canonical
Sutton,AREA-LINZ-2128,sutton,Otago Region,14,Rural locality,false,Canonical
Table Hill,AREA-LINZ-1554,table hill,Otago Region,14,Rural locality,false,Canonical
Tahakopa,AREA-LINZ-1557,tahakopa,Otago Region,14,Rural locality,false,Canonical
Tahakopa Valley,AREA-LINZ-1558,tahakopa valley,Otago Region,14,Rural locality,false,Canonical
Taieri Beach,AREA-LINZ-1564,taieri beach,Otago Region,14,Rural locality,false,Canonical
Taieri Mouth,AREA-LINZ-1565,taieri mouth,Otago Region,14,Rural locality,false,Canonical
Tainui,AREA-LINZ-1567,tainui,Otago Region,14,Suburb,false,Canonical
Tapanui,AREA-LINZ-1587,tapanui,Otago Region,14,Suburb,false,Canonical
Tapui,AREA-LINZ-1590,tapui,Otago Region,14,Rural locality,false,Canonical
Tarara,AREA-LINZ-1592,tarara,Otago Region,14,Rural locality,false,Canonical
Tarras,AREA-LINZ-2385,tarras,Otago Region,14,Rural locality,false,Canonical
Tawanui,AREA-LINZ-1611,tawanui,Otago Region,14,Rural locality,false,Canonical
Te Houka,AREA-LINZ-4109,te houka,Otago Region,14,Rural locality,false,Canonical
Te Kiteroa,AREA-LINZ-1628,te kiteroa,Otago Region,14,Rural locality,false,Canonical
Teschemakers,AREA-LINZ-1660,teschemakers,Otago Region,14,Rural locality,false,Canonical
Teviot,AREA-LINZ-2459,teviot,Otago Region,14,Rural locality,false,Canonical
The Cove,AREA-LINZ-2493,the cove,Otago Region,14,Suburb,false,Canonical
The Dasher,AREA-LINZ-1663,the dasher,Otago Region,14,Rural locality,false,Canonical
The Glen,AREA-LINZ-1666,the glen,Otago Region,14,Suburb,false,Canonical
The Neck,AREA-LINZ-2388,the neck,Otago Region,14,Rural locality,false,Canonical
Tiroiti,AREA-LINZ-1718,tiroiti,Otago Region,14,Rural locality,false,Canonical
Titri,AREA-LINZ-2130,titri,Otago Region,14,Rural locality,false,Canonical
Tokarahi,AREA-LINZ-1713,tokarahi,Otago Region,14,Rural locality,false,Canonical
Toko Mouth,AREA-LINZ-2503,toko mouth,Otago Region,14,Rural locality,false,Canonical
Totara,AREA-LINZ-1720,totara,Otago Region,14,Rural locality,false,Canonical
Treble Cone,AREA-LINZ-2131,treble cone,Otago Region,14,Rural locality,false,Canonical
Tuapeka Flat,AREA-LINZ-1730,tuapeka flat,Otago Region,14,Rural locality,false,Canonical
Tuapeka Mouth,AREA-LINZ-1731,tuapeka mouth,Otago Region,14,Rural locality,false,Canonical
Tuapeka West,AREA-LINZ-1732,tuapeka west,Otago Region,14,Rural locality,false,Canonical
Upper Junction,AREA-LINZ-1751,upper junction,Otago Region,14,Suburb,false,Canonical
Upper Waitati,AREA-LINZ-1756,upper waitati,Otago Region,14,Rural locality,false,Canonical
Vauxhall,AREA-LINZ-2491,vauxhall,Otago Region,14,Suburb,false,Canonical
Waianakarua,AREA-LINZ-1767,waianakarua,Otago Region,14,Rural locality,false,Canonical
Waiareka Junction,AREA-LINZ-1769,waiareka junction,Otago Region,14,Suburb,false,Canonical
Waihemo,AREA-LINZ-1776,waihemo,Otago Region,14,Rural locality,false,Canonical
Waihola,AREA-LINZ-2339,waihola,Otago Region,14,Rural locality,false,Canonical
Waikerikeri,AREA-LINZ-2464,waikerikeri,Otago Region,14,Rural locality,false,Canonical
Waikoikoi,AREA-LINZ-1794,waikoikoi,Otago Region,14,Rural locality,false,Canonical
Waikouaiti,AREA-LINZ-1796,waikouaiti,Otago Region,14,Suburb,false,Canonical
Waipahi,AREA-LINZ-1828,waipahi,Otago Region,14,Rural locality,false,Canonical
Waipiata,AREA-LINZ-1834,waipiata,Otago Region,14,Rural locality,false,Canonical
Waipori,AREA-LINZ-2740,waipori,Otago Region,14,Rural locality,false,Canonical
Waipori Falls,AREA-LINZ-2751,waipori falls,Otago Region,14,Rural locality,false,Canonical
Wairuna,AREA-LINZ-1843,wairuna,Otago Region,14,Rural locality,false,Canonical
Waitahuna,AREA-LINZ-1845,waitahuna,Otago Region,14,Rural locality,false,Canonical
Waitahuna Gully,AREA-LINZ-1846,waitahuna gully,Otago Region,14,Rural locality,false,Canonical
Waitahuna West,AREA-LINZ-1847,waitahuna west,Otago Region,14,Rural locality,false,Canonical
Waitaki Bridge,AREA-LINZ-1849,waitaki bridge,Otago Region,14,Rural locality,false,Canonical
Waitati,AREA-LINZ-2478,waitati,Otago Region,14,Rural locality,false,Canonical
Waitepeka,AREA-LINZ-1855,waitepeka,Otago Region,14,Rural locality,false,Canonical
Waiwera South,AREA-LINZ-1866,waiwera south,Otago Region,14,Rural locality,false,Canonical
Wakari,AREA-LINZ-1871,wakari,Otago Region,14,Suburb,false,Canonical
Waldronville,AREA-LINZ-1874,waldronville,Otago Region,14,Suburb,false,Canonical
Walter Peak,AREA-LINZ-2462,walter peak,Otago Region,14,Rural locality,false,Canonical
Wānaka,AREA-LINZ-2395,wanaka,Otago Region,14,Suburb,false,Canonical
Wangaloa,AREA-LINZ-1879,wangaloa,Otago Region,14,Rural locality,false,Canonical
Warepa,AREA-LINZ-1883,warepa,Otago Region,14,Rural locality,false,Canonical
Warrington,AREA-LINZ-2477,warrington,Otago Region,14,Rural locality,false,Canonical
Waverley,AREA-LINZ-1891,waverley,Otago Region,14,Suburb,false,Canonical
Waynes,AREA-LINZ-1893,waynes,Otago Region,14,Rural locality,false,Canonical
Wedderburn,AREA-LINZ-2340,wedderburn,Otago Region,14,Rural locality,false,Canonical
Weston,AREA-LINZ-1914,weston,Otago Region,14,Suburb,false,Canonical
Westwood,AREA-LINZ-1916,westwood,Otago Region,14,Suburb,false,Canonical
Wharetoa,AREA-LINZ-1929,wharetoa,Otago Region,14,Rural locality,false,Canonical
Whitstone,AREA-LINZ-1942,whitstone,Otago Region,14,Rural locality,false,Canonical
Wilden,AREA-LINZ-1944,wilden,Otago Region,14,Rural locality,false,Canonical
Windsor,AREA-LINZ-1950,windsor,Otago Region,14,Rural locality,false,Canonical
Windsor Park,AREA-LINZ-1952,windsor park,Otago Region,14,Rural locality,false,Canonical
Woodhaugh,AREA-LINZ-1965,woodhaugh,Otago Region,14,Suburb,false,Canonical
Woodside,AREA-LINZ-1908,woodside,Otago Region,14,Rural locality,false,Canonical
Wye Creek,AREA-LINZ-2343,wye creek,Otago Region,14,Rural locality,false,Canonical
Acton,AREA-LINZ-1,acton,Southland Region,15,Rural locality,false,Canonical
Anderson Park,AREA-LINZ-27,anderson park,Southland Region,15,Rural locality,false,Canonical
Aparima,AREA-LINZ-33,aparima,Southland Region,15,Rural locality,false,Canonical
Appleby,AREA-LINZ-35,appleby,Southland Region,15,Suburb,false,Canonical
Ardlussa,AREA-LINZ-45,ardlussa,Southland Region,15,Rural locality,false,Canonical
Argyle Corner,AREA-LINZ-47,argyle corner,Southland Region,15,Rural locality,false,Canonical
Argyle Hill,AREA-LINZ-48,argyle hill,Southland Region,15,Rural locality,false,Canonical
Ascot,AREA-LINZ-54,ascot,Southland Region,15,Suburb,false,Canonical
Ashers,AREA-LINZ-58,ashers,Southland Region,15,Rural locality,false,Canonical
Athol,AREA-LINZ-66,athol,Southland Region,15,Rural locality,false,Canonical
Avenal,AREA-LINZ-70,avenal,Southland Region,15,Suburb,false,Canonical
Awarua,AREA-LINZ-86,awarua,Southland Region,15,Rural locality,false,Canonical
Awarua Plains,AREA-LINZ-4054,awarua plains,Southland Region,15,Rural locality,false,Canonical
Awarua Wetlands,AREA-LINZ-4014,awarua wetlands,Southland Region,15,Rural locality,false,Canonical
Awatere,AREA-LINZ-87,awatere,Southland Region,15,Rural locality,false,Canonical
Bald Hill,AREA-LINZ-93,bald hill,Southland Region,15,Rural locality,false,Canonical
Balfour,AREA-LINZ-94,balfour,Southland Region,15,Rural locality,false,Canonical
Barnhill,AREA-LINZ-99,barnhill,Southland Region,15,Rural locality,false,Canonical
Bayswater,AREA-LINZ-102,bayswater,Southland Region,15,Rural locality,false,Canonical
Beaumont,AREA-LINZ-106,beaumont,Southland Region,15,Rural locality,false,Canonical
Benmore,AREA-LINZ-117,benmore,Southland Region,15,Rural locality,false,Canonical
Birchwood,AREA-LINZ-125,birchwood,Southland Region,15,Rural locality,false,Canonical
Blackmount,AREA-LINZ-134,blackmount,Southland Region,15,Rural locality,false,Canonical
Bluff,AREA-LINZ-4059,bluff,Southland Region,15,Suburb,false,Canonical
Branxholme,AREA-LINZ-149,branxholme,Southland Region,15,Rural locality,false,Canonical
Braxton,AREA-LINZ-150,braxton,Southland Region,15,Rural locality,false,Canonical
Browns,AREA-LINZ-169,browns,Southland Region,15,Rural locality,false,Canonical
Brydone,AREA-LINZ-170,brydone,Southland Region,15,Rural locality,false,Canonical
Caroline,AREA-LINZ-197,caroline,Southland Region,15,Rural locality,false,Canonical
Castle Downs,AREA-LINZ-204,castle downs,Southland Region,15,Rural locality,false,Canonical
Castlerock,AREA-LINZ-205,castlerock,Southland Region,15,Rural locality,false,Canonical
Cattle Flat,AREA-LINZ-207,cattle flat,Southland Region,15,Rural locality,false,Canonical
Centre Bush,AREA-LINZ-211,centre bush,Southland Region,15,Rural locality,false,Canonical
Centre Hill,AREA-LINZ-212,centre hill,Southland Region,15,Rural locality,false,Canonical
Charlton,AREA-LINZ-215,charlton,Southland Region,15,Suburb,false,Canonical
Chatton,AREA-LINZ-218,chatton,Southland Region,15,Rural locality,false,Canonical
Chatton North,AREA-LINZ-220,chatton north,Southland Region,15,Rural locality,false,Canonical
Clifden,AREA-LINZ-236,clifden,Southland Region,15,Rural locality,false,Canonical
Clifton,AREA-LINZ-237,clifton,Southland Region,15,Suburb,false,Canonical
Colac Bay/Ōraka,AREA-LINZ-2507,colac bay/oraka,Southland Region,15,Rural locality,false,Canonical
Croydon,AREA-LINZ-270,croydon,Southland Region,15,Rural locality,false,Canonical
Croydon Bush,AREA-LINZ-271,croydon bush,Southland Region,15,Rural locality,false,Canonical
Curio Bay,AREA-LINZ-2087,curio bay,Southland Region,15,Rural locality,false,Canonical
Dacre,AREA-LINZ-275,dacre,Southland Region,15,Rural locality,false,Canonical
Dean,AREA-LINZ-2088,dean,Southland Region,15,Rural locality,false,Canonical
Diamond Peak,AREA-LINZ-290,diamond peak,Southland Region,15,Rural locality,false,Canonical
Dipton,AREA-LINZ-292,dipton,Southland Region,15,Rural locality,false,Canonical
Dipton West,AREA-LINZ-293,dipton west,Southland Region,15,Rural locality,false,Canonical
Drummond,AREA-LINZ-304,drummond,Southland Region,15,Rural locality,false,Canonical
Dunearn,AREA-LINZ-310,dunearn,Southland Region,15,Rural locality,false,Canonical
Dunrobin,AREA-LINZ-314,dunrobin,Southland Region,15,Rural locality,false,Canonical
Dunsdale,AREA-LINZ-316,dunsdale,Southland Region,15,Rural locality,false,Canonical
East Chatton,AREA-LINZ-219,east chatton,Southland Region,15,Rural locality,false,Canonical
East Gore,AREA-LINZ-322,east gore,Southland Region,15,Suburb,false,Canonical
Eastern Bush,AREA-LINZ-327,eastern bush,Southland Region,15,Rural locality,false,Canonical
Edendale,AREA-LINZ-330,edendale,Southland Region,15,Suburb,false,Canonical
Ermedale,AREA-LINZ-352,ermedale,Southland Region,15,Rural locality,false,Canonical
Fairfax,AREA-LINZ-359,fairfax,Southland Region,15,Rural locality,false,Canonical
Fairlight,AREA-LINZ-364,fairlight,Southland Region,15,Rural locality,false,Canonical
Feldwick,AREA-LINZ-374,feldwick,Southland Region,15,Rural locality,false,Canonical
Ferndale,AREA-LINZ-376,ferndale,Southland Region,15,Rural locality,false,Canonical
Five Roads,AREA-LINZ-386,five roads,Southland Region,15,Rural locality,false,Canonical
Flints Bush,AREA-LINZ-390,flints bush,Southland Region,15,Rural locality,false,Canonical
Fortification,AREA-LINZ-395,fortification,Southland Region,15,Rural locality,false,Canonical
Fortrose,AREA-LINZ-2096,fortrose,Southland Region,15,Rural locality,false,Canonical
Freshford,AREA-LINZ-401,freshford,Southland Region,15,Rural locality,false,Canonical
Garston,AREA-LINZ-405,garston,Southland Region,15,Rural locality,false,Canonical
Georgetown,AREA-LINZ-408,georgetown,Southland Region,15,Suburb,false,Canonical
Gladfield,AREA-LINZ-414,gladfield,Southland Region,15,Rural locality,false,Canonical
Gladstone,AREA-LINZ-415,gladstone,Southland Region,15,Suburb,false,Canonical
Glencoe,AREA-LINZ-426,glencoe,Southland Region,15,Rural locality,false,Canonical
Glengarry,AREA-LINZ-427,glengarry,Southland Region,15,Suburb,false,Canonical
Glenham,AREA-LINZ-429,glenham,Southland Region,15,Rural locality,false,Canonical
Glenure,AREA-LINZ-443,glenure,Southland Region,15,Rural locality,false,Canonical
Gore,AREA-LINZ-452,gore,Southland Region,15,Suburb,false,Canonical
Gorge Road,AREA-LINZ-2163,gorge road,Southland Region,15,Rural locality,false,Canonical
Gowan Hill,AREA-LINZ-456,gowan hill,Southland Region,15,Rural locality,false,Canonical
Grasmere,AREA-LINZ-461,grasmere,Southland Region,15,Suburb,false,Canonical
Greenhills,AREA-LINZ-466,greenhills,Southland Region,15,Rural locality,false,Canonical
Greenpoint,AREA-LINZ-4060,greenpoint,Southland Region,15,Rural locality,false,Canonical
Greenvale,AREA-LINZ-470,greenvale,Southland Region,15,Rural locality,false,Canonical
Gropers Bush,AREA-LINZ-478,gropers bush,Southland Region,15,Rural locality,false,Canonical
Grove Burn,AREA-LINZ-480,grove burn,Southland Region,15,Rural locality,false,Canonical
Grove Bush,AREA-LINZ-479,grove bush,Southland Region,15,Rural locality,false,Canonical
Gummies Bush,AREA-LINZ-482,gummies bush,Southland Region,15,Rural locality,false,Canonical
Haldane,AREA-LINZ-2311,haldane,Southland Region,15,Rural locality,false,Canonical
Halfmoon Bay / Oban,AREA-LINZ-8653,halfmoon bay / oban,Southland Region,15,Suburb,false,Canonical
Hamilton Burn,AREA-LINZ-491,hamilton burn,Southland Region,15,Rural locality,false,Canonical
Happy Valley,AREA-LINZ-499,happy valley,Southland Region,15,Rural locality,false,Canonical
Hargest,AREA-LINZ-502,hargest,Southland Region,15,Suburb,false,Canonical
Hawthorndale,AREA-LINZ-515,hawthorndale,Southland Region,15,Suburb,false,Canonical
Hazletts,AREA-LINZ-518,hazletts,Southland Region,15,Rural locality,false,Canonical
Heddon Bush,AREA-LINZ-521,heddon bush,Southland Region,15,Rural locality,false,Canonical
Hedgehope,AREA-LINZ-522,hedgehope,Southland Region,15,Rural locality,false,Canonical
Heidelberg,AREA-LINZ-524,heidelberg,Southland Region,15,Suburb,false,Canonical
Hillside,AREA-LINZ-2107,hillside,Southland Region,15,Rural locality,false,Canonical
Hokonui,AREA-LINZ-557,hokonui,Southland Region,15,Rural locality,false,Canonical
Hokonui Hills,AREA-LINZ-558,hokonui hills,Southland Region,15,Rural locality,false,Canonical
Invercargill,AREA-LINZ-8801,invercargill,Southland Region,15,Suburb,false,Canonical
Invercargill Airport,AREA-LINZ-602,invercargill airport,Southland Region,15,Rural locality,false,Canonical
Irthing,AREA-LINZ-2110,irthing,Southland Region,15,Rural locality,false,Canonical
Isla Bank,AREA-LINZ-605,isla bank,Southland Region,15,Rural locality,false,Canonical
Jamestown,AREA-LINZ-4048,jamestown,Southland Region,15,Rural locality,false,Canonical
Josephville,AREA-LINZ-617,josephville,Southland Region,15,Rural locality,false,Canonical
Kaiwera,AREA-LINZ-645,kaiwera,Southland Region,15,Rural locality,false,Canonical
Kamahi,AREA-LINZ-652,kamahi,Southland Region,15,Rural locality,false,Canonical
Kapuka,AREA-LINZ-656,kapuka,Southland Region,15,Rural locality,false,Canonical
Kapuka South,AREA-LINZ-4047,kapuka south,Southland Region,15,Rural locality,false,Canonical
Kauana,AREA-LINZ-664,kauana,Southland Region,15,Rural locality,false,Canonical
Kennington,AREA-LINZ-677,kennington,Southland Region,15,Rural locality,false,Canonical
Kew,AREA-LINZ-684,kew,Southland Region,15,Suburb,false,Canonical
Kingston,AREA-LINZ-4094,kingston,Southland Region,15,Rural locality,false,Canonical
Kingston Crossing,AREA-LINZ-697,kingston crossing,Southland Region,15,Rural locality,false,Canonical
Kingswell,AREA-LINZ-698,kingswell,Southland Region,15,Suburb,false,Canonical
Knapdale,AREA-LINZ-706,knapdale,Southland Region,15,Rural locality,false,Canonical
Lillburn,AREA-LINZ-751,lillburn,Southland Region,15,Rural locality,false,Canonical
Limehills,AREA-LINZ-752,limehills,Southland Region,15,Rural locality,false,Canonical
Lintley,AREA-LINZ-754,lintley,Southland Region,15,Rural locality,false,Canonical
Lochiel,AREA-LINZ-759,lochiel,Southland Region,15,Rural locality,false,Canonical
Longbush,AREA-LINZ-763,longbush,Southland Region,15,Rural locality,false,Canonical
Longridge,AREA-LINZ-767,longridge,Southland Region,15,Rural locality,false,Canonical
Longridge North,AREA-LINZ-768,longridge north,Southland Region,15,Rural locality,false,Canonical
Longwood,AREA-LINZ-769,longwood,Southland Region,15,Suburb,false,Canonical
Lorneville,AREA-LINZ-771,lorneville,Southland Region,15,Suburb,false,Canonical
Lowther,AREA-LINZ-776,lowther,Southland Region,15,Rural locality,false,Canonical
Lumsden,AREA-LINZ-777,lumsden,Southland Region,15,Suburb,false,Canonical
Mabel Bush,AREA-LINZ-784,mabel bush,Southland Region,15,Rural locality,false,Canonical
Maitland,AREA-LINZ-800,maitland,Southland Region,15,Rural locality,false,Canonical
Makarewa,AREA-LINZ-807,makarewa,Southland Region,15,Rural locality,false,Canonical
Manapouri,AREA-LINZ-2117,manapouri,Southland Region,15,Rural locality,false,Canonical
Mandeville,AREA-LINZ-820,mandeville,Southland Region,15,Rural locality,false,Canonical
Mataura,AREA-LINZ-884,mataura,Southland Region,15,Suburb,false,Canonical
Mataura Island,AREA-LINZ-885,mataura island,Southland Region,15,Rural locality,false,Canonical
Mavora,AREA-LINZ-2359,mavora,Southland Region,15,Rural locality,false,Canonical
McNab,AREA-LINZ-907,mcnab,Southland Region,15,Rural locality,false,Canonical
Menzies Ferry,AREA-LINZ-916,menzies ferry,Southland Region,15,Rural locality,false,Canonical
Merrivale,AREA-LINZ-921,merrivale,Southland Region,15,Rural locality,false,Canonical
Mid Dome,AREA-LINZ-924,mid dome,Southland Region,15,Rural locality,false,Canonical
Milford Sound,AREA-LINZ-932,milford sound,Southland Region,15,Suburb,false,Canonical
Mill Road,AREA-LINZ-933,mill road,Southland Region,15,Rural locality,false,Canonical
Mimihau,AREA-LINZ-938,mimihau,Southland Region,15,Rural locality,false,Canonical
Mokoreta,AREA-LINZ-949,mokoreta,Southland Region,15,Rural locality,false,Canonical
Mokotua,AREA-LINZ-950,mokotua,Southland Region,15,Rural locality,false,Canonical
Monowai,AREA-LINZ-953,monowai,Southland Region,15,Rural locality,false,Canonical
Morton Mains,AREA-LINZ-963,morton mains,Southland Region,15,Rural locality,false,Canonical
Mossburn,AREA-LINZ-966,mossburn,Southland Region,15,Rural locality,false,Canonical
Motu Rimu,AREA-LINZ-969,motu rimu,Southland Region,15,Suburb,false,Canonical
Mount Hamilton,AREA-LINZ-983,mount hamilton,Southland Region,15,Rural locality,false,Canonical
Mount Linton,AREA-LINZ-986,mount linton,Southland Region,15,Rural locality,false,Canonical
Mount Prospect,AREA-LINZ-2330,mount prospect,Southland Region,15,Rural locality,false,Canonical
Myross Bush,AREA-LINZ-1002,myross bush,Southland Region,15,Rural locality,false,Canonical
New River Ferry,AREA-LINZ-2121,new river ferry,Southland Region,15,Rural locality,false,Canonical
Newfield,AREA-LINZ-1016,newfield,Southland Region,15,Suburb,false,Canonical
Niagara,AREA-LINZ-1040,niagara,Southland Region,15,Rural locality,false,Canonical
Nightcaps,AREA-LINZ-1041,nightcaps,Southland Region,15,Suburb,false,Canonical
Nine Mile,AREA-LINZ-1045,nine mile,Southland Region,15,Rural locality,false,Canonical
Nokomai,AREA-LINZ-1046,nokomai,Southland Region,15,Rural locality,false,Canonical
Northope,AREA-LINZ-1065,northope,Southland Region,15,Rural locality,false,Canonical
Ocean Beach,AREA-LINZ-1073,ocean beach,Southland Region,15,Suburb,false,Canonical
Ohai,AREA-LINZ-1076,ohai,Southland Region,15,Suburb,false,Canonical
Old Man Range,AREA-LINZ-1097,old man range,Southland Region,15,Rural locality,false,Canonical
Omaui,AREA-LINZ-1101,omaui,Southland Region,15,Rural locality,false,Canonical
Opio,AREA-LINZ-1117,opio,Southland Region,15,Rural locality,false,Canonical
Oporo,AREA-LINZ-1119,oporo,Southland Region,15,Rural locality,false,Canonical
Orawia,AREA-LINZ-1129,orawia,Southland Region,15,Rural locality,false,Canonical
Orepuki,AREA-LINZ-1130,orepuki,Southland Region,15,Rural locality,false,Canonical
Oreti Beach,AREA-LINZ-1131,oreti beach,Southland Region,15,Rural locality,false,Canonical
Oreti Plains,AREA-LINZ-1132,oreti plains,Southland Region,15,Rural locality,false,Canonical
Otahu Flat,AREA-LINZ-1141,otahu flat,Southland Region,15,Rural locality,false,Canonical
Otahuti,AREA-LINZ-1142,otahuti,Southland Region,15,Rural locality,false,Canonical
Otaitai Bush,AREA-LINZ-1146,otaitai bush,Southland Region,15,Rural locality,false,Canonical
Otama,AREA-LINZ-1149,otama,Southland Region,15,Rural locality,false,Canonical
Otamita,AREA-LINZ-1151,otamita,Southland Region,15,Rural locality,false,Canonical
Otapiri,AREA-LINZ-1155,otapiri,Southland Region,15,Rural locality,false,Canonical
Otapiri Gorge,AREA-LINZ-1156,otapiri gorge,Southland Region,15,Rural locality,false,Canonical
Otara,AREA-LINZ-2373,otara,Southland Region,15,Rural locality,false,Canonical
Otaraia,AREA-LINZ-1158,otaraia,Southland Region,15,Rural locality,false,Canonical
Otatara,AREA-LINZ-1159,otatara,Southland Region,15,Rural locality,false,Canonical
Otautau,AREA-LINZ-1161,otautau,Southland Region,15,Suburb,false,Canonical
Oteramika,AREA-LINZ-1163,oteramika,Southland Region,15,Rural locality,false,Canonical
Oware,AREA-LINZ-1174,oware,Southland Region,15,Rural locality,false,Canonical
Pahia,AREA-LINZ-1184,pahia,Southland Region,15,Rural locality,false,Canonical
Papatotara,AREA-LINZ-1204,papatotara,Southland Region,15,Rural locality,false,Canonical
Parawa,AREA-LINZ-1212,parawa,Southland Region,15,Rural locality,false,Canonical
Pebbly Hill,AREA-LINZ-1230,pebbly hill,Southland Region,15,Rural locality,false,Canonical
Piano Flat,AREA-LINZ-2225,piano flat,Southland Region,15,Rural locality,false,Canonical
Piko Piko,AREA-LINZ-1247,piko piko,Southland Region,15,Rural locality,false,Canonical
Pine Bush,AREA-LINZ-1250,pine bush,Southland Region,15,Rural locality,false,Canonical
Potters,AREA-LINZ-4071,potters,Southland Region,15,Rural locality,false,Canonical
Pourakino Valley,AREA-LINZ-1292,pourakino valley,Southland Region,15,Rural locality,false,Canonical
Prestonville,AREA-LINZ-1294,prestonville,Southland Region,15,Suburb,false,Canonical
Progress Valley,AREA-LINZ-1295,progress valley,Southland Region,15,Rural locality,false,Canonical
Pukemaori,AREA-LINZ-1309,pukemaori,Southland Region,15,Rural locality,false,Canonical
Pukerau,AREA-LINZ-1316,pukerau,Southland Region,15,Rural locality,false,Canonical
Quarry Hills,AREA-LINZ-1345,quarry hills,Southland Region,15,Rural locality,false,Canonical
Queens Park,AREA-LINZ-1348,queens park,Southland Region,15,Suburb,false,Canonical
Rakahouka,AREA-LINZ-2125,rakahouka,Southland Region,15,Rural locality,false,Canonical
Raymonds Gap,AREA-LINZ-1380,raymonds gap,Southland Region,15,Rural locality,false,Canonical
Redan,AREA-LINZ-1382,redan,Southland Region,15,Rural locality,false,Canonical
Richmond,AREA-LINZ-1397,richmond,Southland Region,15,Suburb,false,Canonical
Rimu,AREA-LINZ-1400,rimu,Southland Region,15,Rural locality,false,Canonical
Ringway,AREA-LINZ-1403,ringway,Southland Region,15,Rural locality,false,Canonical
Riversdale,AREA-LINZ-1411,riversdale,Southland Region,15,Rural locality,false,Canonical
Riverton Racecourse,AREA-LINZ-1415,riverton racecourse,Southland Region,15,Rural locality,false,Canonical
Riverton/Aparima,AREA-LINZ-8859,riverton/aparima,Southland Region,15,Suburb,false,Canonical
Rockdale,AREA-LINZ-1421,rockdale,Southland Region,15,Suburb,false,Canonical
Rosedale,AREA-LINZ-1430,rosedale,Southland Region,15,Suburb,false,Canonical
Roslyn Bush,AREA-LINZ-1436,roslyn bush,Southland Region,15,Rural locality,false,Canonical
Round Hill,AREA-LINZ-2336,round hill,Southland Region,15,Rural locality,false,Canonical
Rowallan,AREA-LINZ-8641,rowallan,Southland Region,15,Rural locality,false,Canonical
Ruahine,AREA-LINZ-1446,ruahine,Southland Region,15,Rural locality,false,Canonical
Ryal Bush,AREA-LINZ-1459,ryal bush,Southland Region,15,Rural locality,false,Canonical
Sandstone,AREA-LINZ-1465,sandstone,Southland Region,15,Rural locality,false,Canonical
Sandy Point,AREA-LINZ-1466,sandy point,Southland Region,15,Rural locality,false,Canonical
Scotts Gap,AREA-LINZ-1471,scotts gap,Southland Region,15,Rural locality,false,Canonical
Seaward Bush,AREA-LINZ-1477,seaward bush,Southland Region,15,Suburb,false,Canonical
Seaward Downs,AREA-LINZ-1478,seaward downs,Southland Region,15,Rural locality,false,Canonical
Slope Point,AREA-LINZ-1493,slope point,Southland Region,15,Rural locality,false,Canonical
South Hillend,AREA-LINZ-1506,south hillend,Southland Region,15,Rural locality,false,Canonical
Spar Bush,AREA-LINZ-1510,spar bush,Southland Region,15,Rural locality,false,Canonical
Springhills,AREA-LINZ-1518,springhills,Southland Region,15,Rural locality,false,Canonical
St Patricks,AREA-LINZ-8838,st patricks,Southland Region,15,Rural locality,false,Canonical
Steeple Burn,AREA-LINZ-1533,steeple burn,Southland Region,15,Rural locality,false,Canonical
Strathern,AREA-LINZ-1540,strathern,Southland Region,15,Suburb,false,Canonical
Taramoa,AREA-LINZ-2243,taramoa,Southland Region,15,Rural locality,false,Canonical
Taringatura,AREA-LINZ-1597,taringatura,Southland Region,15,Rural locality,false,Canonical
Te Anau,AREA-LINZ-2436,te anau,Southland Region,15,Suburb,false,Canonical
Te Anau Downs,AREA-LINZ-2129,te anau downs,Southland Region,15,Rural locality,false,Canonical
Te Tipua,AREA-LINZ-1647,te tipua,Southland Region,15,Rural locality,false,Canonical
Te Waewae,AREA-LINZ-1649,te waewae,Southland Region,15,Rural locality,false,Canonical
The Key,AREA-LINZ-2453,the key,Southland Region,15,Rural locality,false,Canonical
Thomsons Crossing,AREA-LINZ-1669,thomsons crossing,Southland Region,15,Rural locality,false,Canonical
Thornbury,AREA-LINZ-1671,thornbury,Southland Region,15,Rural locality,false,Canonical
Tihaka,AREA-LINZ-1677,tihaka,Southland Region,15,Rural locality,false,Canonical
Tinkertown,AREA-LINZ-1685,tinkertown,Southland Region,15,Rural locality,false,Canonical
Tisbury,AREA-LINZ-1700,tisbury,Southland Region,15,Suburb,false,Canonical
Tiwai Point,AREA-LINZ-2506,tiwai point,Southland Region,15,Rural locality,false,Canonical
Tokanui,AREA-LINZ-2437,tokanui,Southland Region,15,Rural locality,false,Canonical
Tuatapere,AREA-LINZ-1733,tuatapere,Southland Region,15,Suburb,false,Canonical
Turnbull Thomson Park,AREA-LINZ-1737,turnbull thomson park,Southland Region,15,Suburb,false,Canonical
Tussock Creek,AREA-LINZ-1738,tussock creek,Southland Region,15,Rural locality,false,Canonical
Tuturau,AREA-LINZ-1740,tuturau,Southland Region,15,Rural locality,false,Canonical
Twinlaw,AREA-LINZ-1744,twinlaw,Southland Region,15,Rural locality,false,Canonical
Underwood,AREA-LINZ-1747,underwood,Southland Region,15,Rural locality,false,Canonical
Upper Charlton,AREA-LINZ-1749,upper charlton,Southland Region,15,Rural locality,false,Canonical
Waianiwa,AREA-LINZ-1768,waianiwa,Southland Region,15,Rural locality,false,Canonical
Waihoaka,AREA-LINZ-1777,waihoaka,Southland Region,15,Rural locality,false,Canonical
Waihopai,AREA-LINZ-1778,waihopai,Southland Region,15,Suburb,false,Canonical
Waikaia,AREA-LINZ-1781,waikaia,Southland Region,15,Rural locality,false,Canonical
Waikaka,AREA-LINZ-1782,waikaka,Southland Region,15,Rural locality,false,Canonical
Waikaka Valley,AREA-LINZ-1783,waikaka valley,Southland Region,15,Rural locality,false,Canonical
Waikana,AREA-LINZ-1784,waikana,Southland Region,15,Rural locality,false,Canonical
Waikawa,AREA-LINZ-8639,waikawa,Southland Region,15,Rural locality,false,Canonical
Waikawa Valley,AREA-LINZ-1790,waikawa valley,Southland Region,15,Rural locality,false,Canonical
Waikiwi,AREA-LINZ-1793,waikiwi,Southland Region,15,Suburb,false,Canonical
Waikoura,AREA-LINZ-1797,waikoura,Southland Region,15,Rural locality,false,Canonical
Waimahaka,AREA-LINZ-1801,waimahaka,Southland Region,15,Rural locality,false,Canonical
Waimatua,AREA-LINZ-1809,waimatua,Southland Region,15,Rural locality,false,Canonical
Waimatuku,AREA-LINZ-2132,waimatuku,Southland Region,15,Rural locality,false,Canonical
Waimea,AREA-LINZ-1810,waimea,Southland Region,15,Rural locality,false,Canonical
Waimumu,AREA-LINZ-1813,waimumu,Southland Region,15,Rural locality,false,Canonical
Waipango,AREA-LINZ-1829,waipango,Southland Region,15,Rural locality,false,Canonical
Waiparu,AREA-LINZ-1831,waiparu,Southland Region,15,Rural locality,false,Canonical
Waipounamu,AREA-LINZ-1835,waipounamu,Southland Region,15,Rural locality,false,Canonical
Wairaki,AREA-LINZ-1837,wairaki,Southland Region,15,Rural locality,false,Canonical
Wairaurāhiri,AREA-LINZ-1864,wairaurahiri,Southland Region,15,Rural locality,false,Canonical
Wairio,AREA-LINZ-1840,wairio,Southland Region,15,Rural locality,false,Canonical
Waitane,AREA-LINZ-1850,waitane,Southland Region,15,Rural locality,false,Canonical
Waitane West,AREA-LINZ-1851,waitane west,Southland Region,15,Rural locality,false,Canonical
Wakapatu,AREA-LINZ-1870,wakapatu,Southland Region,15,Rural locality,false,Canonical
Wallacetown,AREA-LINZ-1875,wallacetown,Southland Region,15,Suburb,false,Canonical
Waverley,AREA-LINZ-1890,waverley,Southland Region,15,Suburb,false,Canonical
Wendon,AREA-LINZ-1898,wendon,Southland Region,15,Rural locality,false,Canonical
Wendon Valley,AREA-LINZ-1899,wendon valley,Southland Region,15,Rural locality,false,Canonical
Wendonside,AREA-LINZ-1900,wendonside,Southland Region,15,Rural locality,false,Canonical
West Dome,AREA-LINZ-1902,west dome,Southland Region,15,Rural locality,false,Canonical
West Invercargill,AREA-LINZ-8802,west invercargill,Southland Region,15,Suburb,false,Canonical
West Plains,AREA-LINZ-2341,west plains,Southland Region,15,Rural locality,false,Canonical
Wether Hill,AREA-LINZ-1917,wether hill,Southland Region,15,Rural locality,false,Canonical
Whare Creek,AREA-LINZ-1928,whare creek,Southland Region,15,Rural locality,false,Canonical
Whiterigg,AREA-LINZ-1939,whiterigg,Southland Region,15,Rural locality,false,Canonical
Willowbank,AREA-LINZ-1945,willowbank,Southland Region,15,Rural locality,false,Canonical
Windsor,AREA-LINZ-1951,windsor,Southland Region,15,Suburb,false,Canonical
Winton,AREA-LINZ-1955,winton,Southland Region,15,Suburb,false,Canonical
Woodend,AREA-LINZ-1962,woodend,Southland Region,15,Suburb,false,Canonical
Woodlands,AREA-LINZ-1967,woodlands,Southland Region,15,Rural locality,false,Canonical
Woodlaw,AREA-LINZ-1968,woodlaw,Southland Region,15,Rural locality,false,Canonical
Wreys Bush,AREA-LINZ-1975,wreys bush,Southland Region,15,Rural locality,false,Canonical
Wrights Bush,AREA-LINZ-1976,wrights bush,Southland Region,15,Rural locality,false,Canonical
Wyndham,AREA-LINZ-1977,wyndham,Southland Region,15,Suburb,false,Canonical
Aniseed Valley,AREA-LINZ-28,aniseed valley,Tasman Region,16,Rural locality,false,Canonical
Appleby,AREA-LINZ-36,appleby,Tasman Region,16,Rural locality,false,Canonical
Atapo,AREA-LINZ-65,atapo,Tasman Region,16,Rural locality,false,Canonical
Awaroa,AREA-LINZ-84,awaroa,Tasman Region,16,Rural locality,false,Canonical
Awaroa Bay,AREA-LINZ-85,awaroa bay,Tasman Region,16,Rural locality,false,Canonical
Bainham,AREA-LINZ-90,bainham,Tasman Region,16,Rural locality,false,Canonical
Belgrove,AREA-LINZ-112,belgrove,Tasman Region,16,Rural locality,false,Canonical
Braeburn Range,AREA-LINZ-2050,braeburn range,Tasman Region,16,Rural locality,false,Canonical
Brightwater,AREA-LINZ-155,brightwater,Tasman Region,16,Suburb,false,Canonical
Bronte,AREA-LINZ-2536,bronte,Tasman Region,16,Rural locality,false,Canonical
Brooklyn,AREA-LINZ-2733,brooklyn,Tasman Region,16,Rural locality,false,Canonical
Clifton,AREA-LINZ-2530,clifton,Tasman Region,16,Rural locality,false,Canonical
Collingwood,AREA-LINZ-2524,collingwood,Tasman Region,16,Rural locality,false,Canonical
Dovedale,AREA-LINZ-302,dovedale,Tasman Region,16,Rural locality,false,Canonical
East Tākaka,AREA-LINZ-325,east takaka,Tasman Region,16,Rural locality,false,Canonical
Eighty Eight Valley,AREA-LINZ-335,eighty eight valley,Tasman Region,16,Rural locality,false,Canonical
Farewell Spit,AREA-LINZ-369,farewell spit,Tasman Region,16,Rural locality,false,Canonical
Foxhill,AREA-LINZ-396,foxhill,Tasman Region,16,Rural locality,false,Canonical
Glenhope,AREA-LINZ-431,glenhope,Tasman Region,16,Rural locality,false,Canonical
Golden Downs,AREA-LINZ-447,golden downs,Tasman Region,16,Rural locality,false,Canonical
Gowanbridge,AREA-LINZ-457,gowanbridge,Tasman Region,16,Rural locality,false,Canonical
Hope,AREA-LINZ-567,hope,Tasman Region,16,Suburb,false,Canonical
Howard,AREA-LINZ-2172,howard,Tasman Region,16,Rural locality,false,Canonical
Kaihoka,AREA-LINZ-2029,kaihoka,Tasman Region,16,Rural locality,false,Canonical
Kaiteriteri,AREA-LINZ-4125,kaiteriteri,Tasman Region,16,Rural locality,false,Canonical
Kikiwa,AREA-LINZ-689,kikiwa,Tasman Region,16,Rural locality,false,Canonical
Kōhatu,AREA-LINZ-707,kohatu,Tasman Region,16,Rural locality,false,Canonical
Lee Valley,AREA-LINZ-742,lee valley,Tasman Region,16,Rural locality,false,Canonical
Ligar Bay,AREA-LINZ-8968,ligar bay,Tasman Region,16,Rural locality,false,Canonical
Longford,AREA-LINZ-765,longford,Tasman Region,16,Rural locality,false,Canonical
Lower Moutere,AREA-LINZ-4124,lower moutere,Tasman Region,16,Rural locality,false,Canonical
Mahana,AREA-LINZ-791,mahana,Tasman Region,16,Rural locality,false,Canonical
Mangarākau,AREA-LINZ-4128,mangarakau,Tasman Region,16,Rural locality,false,Canonical
Mangles Valley,AREA-LINZ-838,mangles valley,Tasman Region,16,Rural locality,false,Canonical
Māpua,AREA-LINZ-850,mapua,Tasman Region,16,Suburb,false,Canonical
Mārahau,AREA-LINZ-2532,marahau,Tasman Region,16,Rural locality,false,Canonical
Mātakitaki,AREA-LINZ-877,matakitaki,Tasman Region,16,Rural locality,false,Canonical
Matiri,AREA-LINZ-2012,matiri,Tasman Region,16,Rural locality,false,Canonical
Milnthorpe,AREA-LINZ-8981,milnthorpe,Tasman Region,16,Rural locality,false,Canonical
Motueka,AREA-LINZ-2534,motueka,Tasman Region,16,Suburb,false,Canonical
Motueka Valley,AREA-LINZ-970,motueka valley,Tasman Region,16,Rural locality,false,Canonical
Motupiko,AREA-LINZ-974,motupiko,Tasman Region,16,Rural locality,false,Canonical
Motupipi,AREA-LINZ-975,motupipi,Tasman Region,16,Rural locality,false,Canonical
Murchison,AREA-LINZ-1000,murchison,Tasman Region,16,Suburb,false,Canonical
Ngātīmoti,AREA-LINZ-1035,ngatimoti,Tasman Region,16,Rural locality,false,Canonical
Onekaka,AREA-LINZ-2525,onekaka,Tasman Region,16,Rural locality,false,Canonical
Owen River,AREA-LINZ-1175,owen river,Tasman Region,16,Rural locality,false,Canonical
Pākawau,AREA-LINZ-2523,pakawau,Tasman Region,16,Rural locality,false,Canonical
Parapara,AREA-LINZ-2741,parapara,Tasman Region,16,Rural locality,false,Canonical
Patons Rock,AREA-LINZ-2526,patons rock,Tasman Region,16,Rural locality,false,Canonical
Pigeon Valley,AREA-LINZ-1245,pigeon valley,Tasman Region,16,Suburb,false,Canonical
Pōhara,AREA-LINZ-1268,pohara,Tasman Region,16,Rural locality,false,Canonical
Pūponga,AREA-LINZ-4126,puponga,Tasman Region,16,Rural locality,false,Canonical
Puramāhoi,AREA-LINZ-2527,puramahoi,Tasman Region,16,Rural locality,false,Canonical
Rakopi,AREA-LINZ-4127,rakopi,Tasman Region,16,Rural locality,false,Canonical
Rangihaeata,AREA-LINZ-2528,rangihaeata,Tasman Region,16,Rural locality,false,Canonical
Redwood Valley,AREA-LINZ-2537,redwood valley,Tasman Region,16,Rural locality,false,Canonical
Richmond,AREA-LINZ-2538,richmond,Tasman Region,16,Suburb,false,Canonical
Riwaka,AREA-LINZ-2533,riwaka,Tasman Region,16,Rural locality,false,Canonical
Rockville,AREA-LINZ-1422,rockville,Tasman Region,16,Rural locality,false,Canonical
Rotoroa,AREA-LINZ-2411,rotoroa,Tasman Region,16,Rural locality,false,Canonical
Ruby Bay,AREA-LINZ-1454,ruby bay,Tasman Region,16,Suburb,false,Canonical
Shenandoah,AREA-LINZ-1995,shenandoah,Tasman Region,16,Rural locality,false,Canonical
Six Mile,AREA-LINZ-1492,six mile,Tasman Region,16,Rural locality,false,Canonical
Spooners Range,AREA-LINZ-1511,spooners range,Tasman Region,16,Rural locality,false,Canonical
St. Arnaud,AREA-LINZ-8839,st. arnaud,Tasman Region,16,Rural locality,false,Canonical
Stanley Brook,AREA-LINZ-1529,stanley brook,Tasman Region,16,Rural locality,false,Canonical
Tadmor,AREA-LINZ-1555,tadmor,Tasman Region,16,Rural locality,false,Canonical
Tākaka,AREA-LINZ-2529,takaka,Tasman Region,16,Suburb,false,Canonical
Tākaka Hill,AREA-LINZ-1573,takaka hill,Tasman Region,16,Rural locality,false,Canonical
Tapawera,AREA-LINZ-1588,tapawera,Tasman Region,16,Rural locality,false,Canonical
Tasman,AREA-LINZ-2535,tasman,Tasman Region,16,Rural locality,false,Canonical
Tata Beach,AREA-LINZ-2531,tata beach,Tasman Region,16,Rural locality,false,Canonical
Thorpe,AREA-LINZ-1674,thorpe,Tasman Region,16,Rural locality,false,Canonical
Torrent Bay,AREA-LINZ-1719,torrent bay,Tasman Region,16,Rural locality,false,Canonical
Tūtaki,AREA-LINZ-1739,tutaki,Tasman Region,16,Rural locality,false,Canonical
Upper Moutere,AREA-LINZ-1752,upper moutere,Tasman Region,16,Rural locality,false,Canonical
Upper Tākaka,AREA-LINZ-2743,upper takaka,Tasman Region,16,Rural locality,false,Canonical
Uruwhenua,AREA-LINZ-1759,uruwhenua,Tasman Region,16,Rural locality,false,Canonical
Wai-iti,AREA-LINZ-1766,wai-iti,Tasman Region,16,Rural locality,false,Canonical
Wainui Bay,AREA-LINZ-8967,wainui bay,Tasman Region,16,Rural locality,false,Canonical
Wairoa Valley,AREA-LINZ-1842,wairoa valley,Tasman Region,16,Rural locality,false,Canonical
Wakefield,AREA-LINZ-1873,wakefield,Tasman Region,16,Suburb,false,Canonical
Woodstock,AREA-LINZ-1971,woodstock,Tasman Region,16,Rural locality,false,Canonical
Annesbrook,AREA-LINZ-29,annesbrook,Nelson Region,17,Suburb,false,Canonical
Atawhai,AREA-LINZ-2546,atawhai,Nelson Region,17,Suburb,false,Canonical
Beachville,AREA-LINZ-103,beachville,Nelson Region,17,Suburb,false,Canonical
Bishopdale,AREA-LINZ-129,bishopdale,Nelson Region,17,Suburb,false,Canonical
Britannia Heights,AREA-LINZ-2542,britannia heights,Nelson Region,17,Suburb,false,Canonical
Cable Bay,AREA-LINZ-187,cable bay,Nelson Region,17,Rural locality,false,Canonical
Delaware Bay,AREA-LINZ-2550,delaware bay,Nelson Region,17,Rural locality,false,Canonical
Enner Glynn,AREA-LINZ-348,enner glynn,Nelson Region,17,Suburb,false,Canonical
Glenduan,AREA-LINZ-2549,glenduan,Nelson Region,17,Rural locality,false,Canonical
Hira,AREA-LINZ-551,hira,Nelson Region,17,Rural locality,false,Canonical
Hira Forest,AREA-LINZ-552,hira forest,Nelson Region,17,Rural locality,false,Canonical
Maitai,AREA-LINZ-2015,maitai,Nelson Region,17,Suburb,false,Canonical
Marybank,AREA-LINZ-2547,marybank,Nelson Region,17,Suburb,false,Canonical
Moana,AREA-LINZ-943,moana,Nelson Region,17,Suburb,false,Canonical
Monaco,AREA-LINZ-2540,monaco,Nelson Region,17,Suburb,false,Canonical
Nelson,AREA-LINZ-8804,nelson,Nelson Region,17,Suburb,false,Canonical
Nelson Airport,AREA-LINZ-2541,nelson airport,Nelson Region,17,Suburb,false,Canonical
Nelson South,AREA-LINZ-1007,nelson south,Nelson Region,17,Suburb,false,Canonical
Pepin Island,AREA-LINZ-1239,pepin island,Nelson Region,17,Rural locality,false,Canonical
Port Nelson,AREA-LINZ-2545,port nelson,Nelson Region,17,Suburb,false,Canonical
Stepneyville,AREA-LINZ-2543,stepneyville,Nelson Region,17,Suburb,false,Canonical
Stoke,AREA-LINZ-2539,stoke,Nelson Region,17,Suburb,false,Canonical
Tāhunanui,AREA-LINZ-1563,tahunanui,Nelson Region,17,Suburb,false,Canonical
The Brook,AREA-LINZ-1662,the brook,Nelson Region,17,Suburb,false,Canonical
The Wood,AREA-LINZ-2544,the wood,Nelson Region,17,Suburb,false,Canonical
Todds Valley,AREA-LINZ-1705,todds valley,Nelson Region,17,Rural locality,false,Canonical
Toi Toi,AREA-LINZ-1707,toi toi,Nelson Region,17,Suburb,false,Canonical
Wakapuaka,AREA-LINZ-2548,wakapuaka,Nelson Region,17,Rural locality,false,Canonical
Wakatu,AREA-LINZ-1872,wakatu,Nelson Region,17,Suburb,false,Canonical
Washington Valley,AREA-LINZ-1886,washington valley,Nelson Region,17,Suburb,false,Canonical
Whangamoa,AREA-LINZ-1924,whangamoa,Nelson Region,17,Rural locality,false,Canonical
Admiralty Bay,AREA-LINZ-2553,admiralty bay,Marlborough Region,18,Rural locality,false,Canonical
Anakiwa,AREA-LINZ-2565,anakiwa,Marlborough Region,18,Rural locality,false,Canonical
Anakoha,AREA-LINZ-26,anakoha,Marlborough Region,18,Rural locality,false,Canonical
Awatere Valley,AREA-LINZ-2054,awatere valley,Marlborough Region,18,Rural locality,false,Canonical
Bay Of Many Coves,AREA-LINZ-101,bay of many coves,Marlborough Region,18,Rural locality,false,Canonical
Beatrix Bay,AREA-LINZ-105,beatrix bay,Marlborough Region,18,Rural locality,false,Canonical
Big Bay,AREA-LINZ-123,big bay,Marlborough Region,18,Rural locality,false,Canonical
Black Rock,AREA-LINZ-131,black rock,Marlborough Region,18,Rural locality,false,Canonical
Blackwood Bay,AREA-LINZ-135,blackwood bay,Marlborough Region,18,Rural locality,false,Canonical
Blenheim,AREA-LINZ-8798,blenheim,Marlborough Region,18,Suburb,false,Canonical
Blind River,AREA-LINZ-2051,blind river,Marlborough Region,18,Rural locality,false,Canonical
Brightlands Bay,AREA-LINZ-154,brightlands bay,Marlborough Region,18,Rural locality,false,Canonical
Broughton Bay,AREA-LINZ-167,broughton bay,Marlborough Region,18,Rural locality,false,Canonical
Bulwer,AREA-LINZ-177,bulwer,Marlborough Region,18,Rural locality,false,Canonical
Burleigh,AREA-LINZ-8761,burleigh,Marlborough Region,18,Suburb,false,Canonical
Canoe Bay,AREA-LINZ-383,canoe bay,Marlborough Region,18,Rural locality,false,Canonical
Canvastown,AREA-LINZ-193,canvastown,Marlborough Region,18,Rural locality,false,Canonical
Cape Jackson,AREA-LINZ-194,cape jackson,Marlborough Region,18,Rural locality,false,Canonical
Cissy Bay,AREA-LINZ-2554,cissy bay,Marlborough Region,18,Rural locality,false,Canonical
Clarence,AREA-LINZ-2144,clarence,Marlborough Region,18,Rural locality,false,Canonical
Crail Bay,AREA-LINZ-265,crail bay,Marlborough Region,18,Rural locality,false,Canonical
Curious Cove,AREA-LINZ-273,curious cove,Marlborough Region,18,Rural locality,false,Canonical
Dillons Point,AREA-LINZ-8975,dillons point,Marlborough Region,18,Rural locality,false,Canonical
Double Cove,AREA-LINZ-300,double cove,Marlborough Region,18,Rural locality,false,Canonical
Duncan Bay,AREA-LINZ-8973,duncan bay,Marlborough Region,18,Rural locality,false,Canonical
East Bay,AREA-LINZ-321,east bay,Marlborough Region,18,Rural locality,false,Canonical
Elaine Bay,AREA-LINZ-2557,elaine bay,Marlborough Region,18,Rural locality,false,Canonical
Endeavour Inlet,AREA-LINZ-345,endeavour inlet,Marlborough Region,18,Rural locality,false,Canonical
Erie Bay,AREA-LINZ-351,erie bay,Marlborough Region,18,Rural locality,false,Canonical
Fairhall,AREA-LINZ-2153,fairhall,Marlborough Region,18,Rural locality,false,Canonical
Fairy Bay,AREA-LINZ-368,fairy bay,Marlborough Region,18,Rural locality,false,Canonical
Forsyth Bay,AREA-LINZ-394,forsyth bay,Marlborough Region,18,Rural locality,false,Canonical
French Pass / Anaru,AREA-LINZ-2552,french pass / anaru,Marlborough Region,18,Rural locality,false,Canonical
Furneaux,AREA-LINZ-403,furneaux,Marlborough Region,18,Rural locality,false,Canonical
Glasgow Bay,AREA-LINZ-417,glasgow bay,Marlborough Region,18,Rural locality,false,Canonical
Goulter Bay,AREA-LINZ-454,goulter bay,Marlborough Region,18,Rural locality,false,Canonical
Grovetown,AREA-LINZ-481,grovetown,Marlborough Region,18,Suburb,false,Canonical
Havelock,AREA-LINZ-2560,havelock,Marlborough Region,18,Suburb,false,Canonical
Hawkesbury,AREA-LINZ-2297,hawkesbury,Marlborough Region,18,Rural locality,false,Canonical
Hītaua Bay,AREA-LINZ-553,hitaua bay,Marlborough Region,18,Rural locality,false,Canonical
Homewood,AREA-LINZ-564,homewood,Marlborough Region,18,Rural locality,false,Canonical
Islington,AREA-LINZ-612,islington,Marlborough Region,18,Suburb,false,Canonical
Kaiaho Point,AREA-LINZ-622,kaiaho point,Marlborough Region,18,Rural locality,false,Canonical
Kaipākirikiri Bay,AREA-LINZ-634,kaipakirikiri bay,Marlborough Region,18,Rural locality,false,Canonical
Kaituna,AREA-LINZ-643,kaituna,Marlborough Region,18,Rural locality,false,Canonical
Kaiuma Bay,AREA-LINZ-2559,kaiuma bay,Marlborough Region,18,Rural locality,false,Canonical
Kauauroa Bay,AREA-LINZ-665,kauauroa bay,Marlborough Region,18,Rural locality,false,Canonical
Kenepuru Head,AREA-LINZ-674,kenepuru head,Marlborough Region,18,Rural locality,false,Canonical
Ketu Bay,AREA-LINZ-683,ketu bay,Marlborough Region,18,Rural locality,false,Canonical
Koromiko,AREA-LINZ-722,koromiko,Marlborough Region,18,Rural locality,false,Canonical
Koutuwai Point,AREA-LINZ-723,koutuwai point,Marlborough Region,18,Rural locality,false,Canonical
Kumutoto Bay,AREA-LINZ-728,kumutoto bay,Marlborough Region,18,Rural locality,false,Canonical
Lake Grassmere,AREA-LINZ-2191,lake grassmere,Marlborough Region,18,Rural locality,false,Canonical
Linkwater,AREA-LINZ-2564,linkwater,Marlborough Region,18,Rural locality,false,Canonical
Lochmara Bay,AREA-LINZ-761,lochmara bay,Marlborough Region,18,Rural locality,false,Canonical
Lower Dashwood,AREA-LINZ-772,lower dashwood,Marlborough Region,18,Rural locality,false,Canonical
Mahau Sound,AREA-LINZ-2561,mahau sound,Marlborough Region,18,Rural locality,false,Canonical
Manaroa,AREA-LINZ-817,manaroa,Marlborough Region,18,Rural locality,false,Canonical
Maraetai Bay,AREA-LINZ-853,maraetai bay,Marlborough Region,18,Rural locality,false,Canonical
Mayfield,AREA-LINZ-905,mayfield,Marlborough Region,18,Suburb,false,Canonical
Melville Cove,AREA-LINZ-915,melville cove,Marlborough Region,18,Rural locality,false,Canonical
Mills Bay,AREA-LINZ-934,mills bay,Marlborough Region,18,Rural locality,false,Canonical
Moetapu Bay,AREA-LINZ-946,moetapu bay,Marlborough Region,18,Rural locality,false,Canonical
Momorangi Bay,AREA-LINZ-952,momorangi bay,Marlborough Region,18,Rural locality,false,Canonical
Mount Pleasant,AREA-LINZ-8701,mount pleasant,Marlborough Region,18,Suburb,false,Canonical
Ngākuta Bay,AREA-LINZ-1027,ngakuta bay,Marlborough Region,18,Rural locality,false,Canonical
Nikau Bay,AREA-LINZ-1042,nikau bay,Marlborough Region,18,Rural locality,false,Canonical
Nōpera,AREA-LINZ-2562,nopera,Marlborough Region,18,Rural locality,false,Canonical
North Bank,AREA-LINZ-2216,north bank,Marlborough Region,18,Rural locality,false,Canonical
North West Bay,AREA-LINZ-1059,north west bay,Marlborough Region,18,Rural locality,false,Canonical
Nydia Bay,AREA-LINZ-1069,nydia bay,Marlborough Region,18,Rural locality,false,Canonical
Ōhauparuparu Bay,AREA-LINZ-1082,ohauparuparu bay,Marlborough Region,18,Rural locality,false,Canonical
Okaramio,AREA-LINZ-1090,okaramio,Marlborough Region,18,Rural locality,false,Canonical
Ōkiwi Bay,AREA-LINZ-2551,okiwi bay,Marlborough Region,18,Rural locality,false,Canonical
Ōnahau Bay,AREA-LINZ-1104,onahau bay,Marlborough Region,18,Rural locality,false,Canonical
Onamalutu,AREA-LINZ-1105,onamalutu,Marlborough Region,18,Rural locality,false,Canonical
Onapua Bay,AREA-LINZ-1121,onapua bay,Marlborough Region,18,Rural locality,false,Canonical
Ōtaki,AREA-LINZ-1148,otaki,Marlborough Region,18,Rural locality,false,Canonical
Oyster Bay,AREA-LINZ-1179,oyster bay,Marlborough Region,18,Rural locality,false,Canonical
Pelorus Bridge,AREA-LINZ-1234,pelorus bridge,Marlborough Region,18,Rural locality,false,Canonical
Picton,AREA-LINZ-1244,picton,Marlborough Region,18,Suburb,false,Canonical
Pinohia,AREA-LINZ-1254,pinohia,Marlborough Region,18,Rural locality,false,Canonical
Pohuenui,AREA-LINZ-1270,pohuenui,Marlborough Region,18,Rural locality,false,Canonical
Port Ligar,AREA-LINZ-1288,port ligar,Marlborough Region,18,Rural locality,false,Canonical
Port Underwood,AREA-LINZ-1290,port underwood,Marlborough Region,18,Rural locality,false,Canonical
Portage,AREA-LINZ-1291,portage,Marlborough Region,18,Rural locality,false,Canonical
Pukekoikoi,AREA-LINZ-1308,pukekoikoi,Marlborough Region,18,Rural locality,false,Canonical
Punga Cove,AREA-LINZ-1331,punga cove,Marlborough Region,18,Rural locality,false,Canonical
Raetihi,AREA-LINZ-1351,raetihi,Marlborough Region,18,Suburb,false,Canonical
Rai Valley,AREA-LINZ-1354,rai valley,Marlborough Region,18,Rural locality,false,Canonical
Rainbow,AREA-LINZ-2413,rainbow,Marlborough Region,18,Rural locality,false,Canonical
Rapaura,AREA-LINZ-1374,rapaura,Marlborough Region,18,Rural locality,false,Canonical
Rārangi,AREA-LINZ-1375,rarangi,Marlborough Region,18,Rural locality,false,Canonical
Redwood Pass,AREA-LINZ-1386,redwood pass,Marlborough Region,18,Rural locality,false,Canonical
Redwoodtown,AREA-LINZ-1393,redwoodtown,Marlborough Region,18,Suburb,false,Canonical
Renwick,AREA-LINZ-1999,renwick,Marlborough Region,18,Suburb,false,Canonical
Resolution Bay,AREA-LINZ-1392,resolution bay,Marlborough Region,18,Rural locality,false,Canonical
Riverlands,AREA-LINZ-1407,riverlands,Marlborough Region,18,Rural locality,false,Canonical
Riversdale,AREA-LINZ-1410,riversdale,Marlborough Region,18,Suburb,false,Canonical
Robin Hood Bay,AREA-LINZ-1418,robin hood bay,Marlborough Region,18,Rural locality,false,Canonical
Ruakākā Bay,AREA-LINZ-1447,ruakaka bay,Marlborough Region,18,Rural locality,false,Canonical
Saint Omer,AREA-LINZ-1528,saint omer,Marlborough Region,18,Rural locality,false,Canonical
Schnapper Point,AREA-LINZ-1470,schnapper point,Marlborough Region,18,Rural locality,false,Canonical
Seddon,AREA-LINZ-2276,seddon,Marlborough Region,18,Suburb,false,Canonical
Shakespeare Bay,AREA-LINZ-1481,shakespeare bay,Marlborough Region,18,Rural locality,false,Canonical
Ship Cove,AREA-LINZ-8808,ship cove,Marlborough Region,18,Rural locality,false,Canonical
Snake Point,AREA-LINZ-1496,snake point,Marlborough Region,18,Rural locality,false,Canonical
South East Bay,AREA-LINZ-1274,south east bay,Marlborough Region,18,Rural locality,false,Canonical
Spring Creek,AREA-LINZ-1515,spring creek,Marlborough Region,18,Suburb,false,Canonical
Springlands,AREA-LINZ-1519,springlands,Marlborough Region,18,Suburb,false,Canonical
Squally Cove,AREA-LINZ-1521,squally cove,Marlborough Region,18,Rural locality,false,Canonical
Taipare Bay,AREA-LINZ-1568,taipare bay,Marlborough Region,18,Rural locality,false,Canonical
Tamuri,AREA-LINZ-1581,tamuri,Marlborough Region,18,Rural locality,false,Canonical
Tawero Point,AREA-LINZ-1613,tawero point,Marlborough Region,18,Rural locality,false,Canonical
Taylor Pass,AREA-LINZ-2407,taylor pass,Marlborough Region,18,Suburb,false,Canonical
Te Māhia,AREA-LINZ-1631,te mahia,Marlborough Region,18,Rural locality,false,Canonical
Te Pangu Bay,AREA-LINZ-1637,te pangu bay,Marlborough Region,18,Rural locality,false,Canonical
Te Rawa,AREA-LINZ-1645,te rawa,Marlborough Region,18,Rural locality,false,Canonical
Te Tōwaka,AREA-LINZ-2555,te towaka,Marlborough Region,18,Rural locality,false,Canonical
Te Weuweu Bay,AREA-LINZ-1651,te weuweu bay,Marlborough Region,18,Rural locality,false,Canonical
Tennyson Inlet,AREA-LINZ-2558,tennyson inlet,Marlborough Region,18,Rural locality,false,Canonical
The Pines,AREA-LINZ-1668,the pines,Marlborough Region,18,Rural locality,false,Canonical
Thomsons Ford,AREA-LINZ-1670,thomsons ford,Marlborough Region,18,Rural locality,false,Canonical
Titirangi,AREA-LINZ-1702,titirangi,Marlborough Region,18,Rural locality,false,Canonical
Torea Bay,AREA-LINZ-1716,torea bay,Marlborough Region,18,Rural locality,false,Canonical
Tōtaranui,AREA-LINZ-2563,totaranui,Marlborough Region,18,Rural locality,false,Canonical
Tuamarina,AREA-LINZ-1729,tuamarina,Marlborough Region,18,Rural locality,false,Canonical
Umungata Bay,AREA-LINZ-1746,umungata bay,Marlborough Region,18,Rural locality,false,Canonical
Waihōpai Valley,AREA-LINZ-2404,waihopai valley,Marlborough Region,18,Rural locality,false,Canonical
Waikawa,AREA-LINZ-2566,waikawa,Marlborough Region,18,Suburb,false,Canonical
Waiona Bay,AREA-LINZ-2556,waiona bay,Marlborough Region,18,Rural locality,false,Canonical
Wairau Valley,AREA-LINZ-2260,wairau valley,Marlborough Region,18,Rural locality,false,Canonical
Waitaria Bay,AREA-LINZ-1853,waitaria bay,Marlborough Region,18,Rural locality,false,Canonical
Waitata,AREA-LINZ-1854,waitata,Marlborough Region,18,Rural locality,false,Canonical
Waitūī Bay,AREA-LINZ-1862,waitui bay,Marlborough Region,18,Rural locality,false,Canonical
Wakamarina,AREA-LINZ-1868,wakamarina,Marlborough Region,18,Rural locality,false,Canonical
Ward,AREA-LINZ-2401,ward,Marlborough Region,18,Rural locality,false,Canonical
West Head,AREA-LINZ-1906,west head,Marlborough Region,18,Rural locality,false,Canonical
Whatamango Bay,AREA-LINZ-1930,whatamango bay,Marlborough Region,18,Rural locality,false,Canonical
Whatanihi Bay,AREA-LINZ-1931,whatanihi bay,Marlborough Region,18,Rural locality,false,Canonical
Whenuanui Bay,AREA-LINZ-1936,whenuanui bay,Marlborough Region,18,Rural locality,false,Canonical
Wither Hills,AREA-LINZ-1957,wither hills,Marlborough Region,18,Suburb,false,Canonical
Witherlea,AREA-LINZ-1958,witherlea,Marlborough Region,18,Suburb,false,Canonical
Woodbourne,AREA-LINZ-1960,woodbourne,Marlborough Region,18,Suburb,false,Canonical
Yelverton,AREA-LINZ-1979,yelverton,Marlborough Region,18,Suburb,false,Canonical
Yncyca Bay,AREA-LINZ-1980,yncyca bay,Marlborough Region,18,Rural locality,false,Canonical
